target,district,region,population,unreachable_share,dry_day_mean_h,best_month,worst_month,best_month_mean_h,worst_month_mean_h,seasonal_penalty_h,best_month_share_over_2h,worst_month_share_over_2h
HC IV or hospital,Agago,Northern,274837.52820682526,0.0,1.4971788489032483,1,8,1.507448029124168,1.9431596757970588,0.43571164667289075,0.020538183633939538,0.5035750855999526
HC IV or hospital,Buvuma,Central,142020.1253273487,0.25236510227658243,1.4308691805134979,7,4,1.5036239003286498,1.8517183216674995,0.3480944213388497,0.3389739541761881,0.40940030353944457
HC IV or hospital,Kotido,Northern,235397.9819123745,0.0,1.788196755449439,1,8,1.7978543121602795,2.0637141184360637,0.2658598062757842,0.2095315258932332,0.38496809830891854
HC IV or hospital,Otuke,Northern,149133.06934261322,0.0,0.8557057087556689,1,8,0.8635847962871199,1.1006519897125635,0.23706719342544358,0.0,0.0019787733039174677
HC IV or hospital,Pader,Northern,223135.74443006516,0.0,0.7148221099258509,1,8,0.7191839995266759,0.9250101240423483,0.2058261245156724,0.0,0.0010846754043777032
HC IV or hospital,Kalangala,Central,72499.03627970815,0.38426698043707225,0.6044140757736051,7,4,0.648898004633363,0.8538814914539671,0.20498348682060408,0.406849336603754,0.42665582960173215
HC IV or hospital,Bukwo,Eastern,124884.82990455627,0.0,1.0086282165321905,1,5,1.0577279987026003,1.257850102167923,0.20012210346532266,0.08289844801139007,0.0926820107556972
HC IV or hospital,Mubende,Central,571194.1176757812,0.0,1.0034007013653758,1,4,1.0203228190916656,1.2175113134675717,0.19718849437590613,0.002148553390821526,0.009109903975479334
HC IV or hospital,Nabilatuk,Northern,103489.25585651398,0.0,1.0100703198947156,2,4,1.025414634295476,1.2220985959752906,0.1966839616798146,0.16242743685429706,0.20765914689897527
HC IV or hospital,Nakapiripirit,Northern,138682.92461585999,0.0,1.0109774892932402,2,5,1.0288574969068771,1.2046577525360869,0.17580025562920976,0.1297055055778154,0.17904252966437825
HC IV or hospital,Kapelebyong,Eastern,116353.70183181763,0.0,0.712505160123378,1,8,0.7226013781216175,0.8887436853653053,0.16614230724368784,0.0,0.0012399427971601098
HC IV or hospital,Moroto,Northern,130759.82229971886,0.0,0.9749981047634662,1,4,0.9804008744733613,1.1455118041915384,0.1651109297181771,0.16840870434534663,0.23783960668009443
HC IV or hospital,Namayingo,Eastern,295331.7254419327,0.06421777388397663,0.44549444120001574,7,4,0.47038947738725945,0.614245778632357,0.14385630124509752,0.06421777388397663,0.06421777388397663
HC IV or hospital,Madi Okollo,Northern,177257.41951787472,0.0,0.8043909198996533,1,10,0.8049239529770119,0.9454137090782699,0.14048975610125802,0.0015052663974479091,0.004983694537709986
HC IV or hospital,Ntoroko,Western,84477.01499450207,0.0,0.9252220881917327,1,4,0.9324377986339948,1.0699851393656452,0.13754734073165042,0.06107102570150425,0.12980260964661874
HC IV or hospital,Amudat,Northern,152105.89099693298,0.0,0.7216914844159464,1,5,0.7323060757904488,0.8679945784053412,0.1356885026148924,0.0,0.01198334224910071
HC IV or hospital,Kyegegwa,Western,478685.89238739014,0.0,0.9578132890344117,1,4,0.9715466654274991,1.1058027520225888,0.1342560865950897,0.0,0.0
HC IV or hospital,Napak,Northern,177164.3414130211,0.0,1.1081335497236313,2,4,1.1165086866335283,1.2496589870668717,0.13315030043334342,0.17180648372784518,0.21904095362065673
HC IV or hospital,Kaabong,Northern,117463.62553563714,0.0,0.7236131014560365,1,4,0.726917920918398,0.8588229428240506,0.13190502190565256,0.07688414879874436,0.08608379535764132
HC IV or hospital,Karenga,Northern,49233.33208310604,0.0,0.7032729168754287,1,8,0.7112720648116777,0.8425587058290663,0.13128664101738863,0.04210890102311604,0.05531779479598206
HC IV or hospital,Amuru,Northern,241848.72710990906,0.0,0.677201117687287,1,8,0.6780385412724204,0.8076088717380675,0.12957033046564714,0.03507696835492984,0.06245474272075601
HC IV or hospital,Kwania,Northern,243286.81873464584,0.0,0.5080232301770176,1,9,0.5134871272042714,0.6423636764430644,0.128876549238793,0.0,0.0
HC IV or hospital,Rakai,Central,341287.43423223495,0.0,0.42247676792981237,7,4,0.4262829610685032,0.5539847877968742,0.127701826728371,0.0,0.0
HC IV or hospital,Abim,Northern,170580.53079605103,0.0,0.6943080651560447,1,8,0.6983076286961281,0.8213257215554414,0.12301809285931331,0.054546630207471455,0.0719143888843253
HC IV or hospital,Kamwenge,Western,376938.38701820374,0.0,0.6562861961283745,1,4,0.6648446075163693,0.7813243403857568,0.11647973286938751,0.0,0.000132105310732748
HC IV or hospital,Kaliro,Eastern,318788.12661087513,0.0,0.421545058518144,1,4,0.43730318890892084,0.5536437222264439,0.11634053331752303,0.0007874047451302774,0.0030412676829211943
HC IV or hospital,Kibaale,Western,212600.8210296631,0.0,0.43968197911350393,1,4,0.44675713080010565,0.5620570587730328,0.11529992797292715,0.0,0.0
HC IV or hospital,Alebtong,Northern,289207.3506336212,0.0,0.47885864329896843,1,8,0.48306245902262784,0.5956216993479164,0.11255924032528858,0.0,0.0
HC IV or hospital,Kakumiro,Western,446415.3492126465,0.0,0.44429925221609695,1,4,0.45200389250419104,0.5631627127805577,0.1111588202763667,0.0,0.0
HC IV or hospital,Nwoya,Northern,253043.7192670554,0.0,0.6080511129405253,1,8,0.6096562607548038,0.7185950601468608,0.10893879939205697,0.003696624479706405,0.013207887250598356
HC IV or hospital,Amuria,Eastern,243597.25686264038,0.0,0.46523341489048975,1,8,0.4716853848467728,0.5801583251226863,0.10847294027591348,0.0,0.0
HC IV or hospital,Kole,Northern,317410.15129089355,0.0,0.45172266530821126,1,8,0.45554754866466535,0.5614935243568193,0.10594597569215397,0.0,0.0
HC IV or hospital,Omoro,Northern,220684.70723342896,0.0,0.5868665526248487,1,8,0.5887043913144626,0.6928200062389263,0.10411561492446364,0.0,0.0016935182347076123
HC IV or hospital,Lamwo,Northern,156529.3617722988,0.0,0.6452547530608396,1,8,0.6468681581981988,0.7469206546625934,0.10005249646439462,0.015082693877055922,0.033031959851339644
HC IV or hospital,Buhweju,Western,156838.64905166626,0.0,0.5457170467512381,7,4,0.5494273845977848,0.6483444207799222,0.09891703618213732,0.0,0.0012276796812833706
HC IV or hospital,Oyam,Northern,504256.2859954834,0.0,0.47296352460826196,1,8,0.47516137364726485,0.5730570186671485,0.09789564501988368,0.0,0.0
HC IV or hospital,Buyende,Eastern,448484.97411847115,0.0,0.6082860654319707,1,4,0.6169367654977886,0.7148015738467334,0.09786480834894473,0.0040884033615188956,0.01025954334360035
HC IV or hospital,Kalaki,Eastern,152737.33815735579,0.0,0.41493121635100955,1,5,0.42086033774476483,0.5173930303919123,0.09653269264714748,0.0,0.0
HC IV or hospital,Kassanda,Central,379778.12661898136,0.0,0.7489487740446477,1,4,0.7580109115062158,0.8543728715475671,0.09636196004135134,0.0,0.0
HC IV or hospital,Ngora,Eastern,182460.25783789158,0.0,0.37367056072208876,1,5,0.38136392661467156,0.4770413304127733,0.09567740379810175,0.0016786872962748446,0.01246695432200659
HC IV or hospital,Pallisa,Eastern,366643.11223983765,0.0,0.33455880200524335,1,4,0.3472249343502359,0.4396299589799306,0.09240502462969474,0.0027635011186438966,0.008470458996170303
HC IV or hospital,Apac,Northern,245269.2705347538,0.0,0.5479551016055222,1,9,0.5524811678579381,0.6387529511812845,0.0862717833233464,0.00012036961755489474,0.0021140787652050214
HC IV or hospital,Lyantonde,Central,122379.688331604,0.0,0.5624200905002932,7,4,0.5658803413778913,0.6508796167022977,0.08499927532440632,0.0,0.0
HC IV or hospital,Moyo,Northern,89685.01685476303,0.0,0.4345411027740534,1,8,0.43454108511575873,0.5173196283871488,0.08277854327139011,0.0,0.0027729525163589976
HC IV or hospital,Gomba,Central,190785.26682901382,0.0,0.5077850156760352,2,4,0.5198538892707626,0.5996767020918276,0.07982281282106496,0.00040914012073295727,0.0015843742436545045
HC IV or hospital,Kikuube,Western,371548.99731373787,0.0,0.6052076725788719,1,4,0.6107457747550004,0.6892796973688403,0.07853392261383996,0.0,0.0
HC IV or hospital,Serere,Eastern,391206.7838513851,7.165041516675801e-05,0.5265057907387629,1,5,0.5319365775569157,0.6103580204112181,0.07842144285430241,7.165041516675801e-05,0.0015632466963374858
HC IV or hospital,Adjumani,Northern,267747.9699473381,0.0,0.39317421831722665,1,8,0.3933127312367046,0.4717333128689207,0.07842058163221605,0.012337219609782941,0.01699853476686419
HC IV or hospital,Isingiro,Western,649367.6908245385,0.0,0.6681921572495222,7,4,0.6692681394980163,0.7467793563457509,0.07751121684773454,0.0,0.0037489654818854854
HC IV or hospital,Kyankwanzi,Central,310849.2729358673,0.0,0.5778710391004754,1,4,0.5831424044088036,0.6602638085171076,0.07712140410830404,0.0009576871242815422,0.006581322424643796
HC IV or hospital,Katakwi,Eastern,213067.83387631178,0.0,0.5316645710182395,1,8,0.5384245527551317,0.6150768172962261,0.07665226454109442,0.004206655654085461,0.01781285748106154
HC IV or hospital,Pakwach,Northern,194333.39866507053,0.0,0.4640124512885287,1,10,0.46445656453092754,0.5380094340757676,0.07355286954484008,0.0,0.0
HC IV or hospital,Mayuge,Eastern,628631.6773104668,0.02774608801561613,0.31676225041192274,7,4,0.33333871332139475,0.40655033855031614,0.07321162522892138,0.02778527279246573,0.029497888293269853
HC IV or hospital,Kitgum,Northern,246198.50072336197,0.0,0.5233605020194747,1,8,0.5247099979130545,0.5968229376329187,0.07211293971986421,0.015902889749155272,0.024632680672432385
HC IV or hospital,Kayunga,Central,455215.8268266916,0.0,0.461383831376829,1,4,0.4720404156909079,0.5441398485653304,0.0720994328744225,0.0,0.0
HC IV or hospital,Kyenjojo,Western,575728.1357688904,0.0,0.6038937552646672,1,10,0.6094602274887966,0.6813090418984216,0.07184881440962498,0.0,0.0
HC IV or hospital,Bulambuli,Eastern,254259.3958349228,0.0,0.35570537813600084,1,5,0.3677362043976862,0.43940041494824955,0.07166421055056338,0.008563540245387389,0.03552498891537697
HC IV or hospital,Kasese,Western,868379.9760396183,0.0,0.4641032377114742,7,4,0.471117929990285,0.5420187016507728,0.0709007716604878,0.05901371285236851,0.08549563337314248
HC IV or hospital,Kagadi,Western,533822.0619452,0.0,0.3837000740844024,1,4,0.38740276306821453,0.4574352675640858,0.07003250449587128,0.0,0.0
HC IV or hospital,Bukedea,Eastern,263752.670091629,0.0,0.3065381306755593,1,4,0.3155863750404429,0.38516936245591904,0.06958298741547614,0.002049580627717858,0.005291123694627324
HC IV or hospital,Kyotera,Central,287045.4042478204,1.1519678130384404e-05,0.43053045462016215,7,4,0.43392806354398716,0.5020704607725033,0.06814239722851612,0.005106108705880959,0.019230831833391946
HC IV or hospital,Kiruhura,Western,214649.75305124745,0.0,0.5248636220812195,7,4,0.5277516051064454,0.595629073408249,0.06787746830180363,0.0,0.0
HC IV or hospital,Dokolo,Northern,234703.5996966362,0.0,0.38405766167527794,1,9,0.38793240743006513,0.4549914425049069,0.06705903507484179,0.0,0.0
HC IV or hospital,Bududa,Eastern,291978.08964538574,0.0,0.2858118724629242,1,5,0.2982175627502917,0.3644723814388948,0.06625481868860311,0.0022749649288656033,0.010207340287166394
HC IV or hospital,Nakaseke,Central,256395.254383564,0.0,0.46867646041144173,1,4,0.4751701010716473,0.5410741832559889,0.06590408218434157,0.0,0.001490140605261197
HC IV or hospital,Namutumba,Eastern,340263.57367897034,0.0,0.30488022265665327,1,4,0.31556536842972743,0.37998666830540095,0.06442129987567352,0.0,0.0
HC IV or hospital,Nakasongola,Central,236551.63849419355,0.0,0.5683732196235094,1,4,0.5731628890002481,0.6372146891046334,0.06405180010438527,0.0,0.0001333950481196163
HC IV or hospital,Kumi,Eastern,338688.6044868827,0.0,0.2373293393164643,1,5,0.24289507715346267,0.3065412199179026,0.06364614276443994,0.005994296244163855,0.007396216294232123
HC IV or hospital,Butaleja,Eastern,331123.7110443115,0.0,0.2310412323613169,1,4,0.2442945717929943,0.3067657940197294,0.062471222226735124,0.0,0.0
HC IV or hospital,Kiryandongo,Western,347261.84740924835,0.0,0.5341662792511511,1,4,0.5375408723744008,0.5996713271389038,0.06213045476450296,0.06006296209547516,0.08843015854834137
HC IV or hospital,Luwero,Central,576668.9202880859,0.0,0.32007785094424307,1,4,0.32885263766107714,0.38916521163110007,0.06031257397002293,0.0,0.0
HC IV or hospital,Masaka,Central,368997.81379696727,0.0,0.24705984500641096,7,4,0.25185507456249157,0.3120442991888074,0.06018922462631582,0.0012317120817665543,0.008253035228771159
HC IV or hospital,Koboko,Northern,279879.3769874573,0.0,0.48033189817244765,1,10,0.48076962400148027,0.5403023256084474,0.05953270160696711,0.0,0.0
HC IV or hospital,Gulu,Northern,362377.0471968651,0.0,0.20059213355980995,1,8,0.20123411403191924,0.260187874489296,0.05895376045737674,0.0018103777223702187,0.0037463607575087244
HC IV or hospital,Kalungu,Central,213038.63808512688,0.0,0.2948313201634267,2,4,0.30142319927643074,0.3597280406852241,0.058304841408793384,0.0,0.0
HC IV or hospital,Ssembabule,Central,325401.58068466187,0.0,0.4337319947122766,7,4,0.4384446699345606,0.4963101593173282,0.05786548938276759,0.0,0.0
HC IV or hospital,Buliisa,Western,161654.37006437778,0.0,0.6506089180041353,1,10,0.6535091520304989,0.7109050040391831,0.057395852008684245,0.02076172840535769,0.027733352584560705
HC IV or hospital,Luuka,Eastern,296096.2121582031,0.0,0.2944587578759878,1,4,0.30464812964097565,0.3618349551398035,0.057186825498827865,0.0,0.0
HC IV or hospital,Bukomansimbi,Central,171343.57963562012,0.0,0.2019257024791757,7,4,0.20685614903956184,0.2624434475624453,0.055587298522883466,0.0,0.0
HC IV or hospital,Kween,Eastern,121055.31943702698,0.0,0.43773037042010426,1,5,0.4462588893892454,0.4993872970570582,0.053128407667812794,0.024201774380670893,0.034826734908039114
HC IV or hospital,Rubanda,Western,232851.41057515144,0.0,0.3533200506229828,7,4,0.35453075366243053,0.4066792616727009,0.05214850801027038,0.0,0.0
HC IV or hospital,Kamuli,Eastern,614101.8716237545,0.0,0.3188325661502946,1,4,0.3261449287485224,0.3779773352644267,0.05183240651590426,0.0,0.0
HC IV or hospital,Tororo,Eastern,652402.6648712158,0.0,0.1748677912830436,1,4,0.18590290265405104,0.23755637809927557,0.05165347544522453,0.0,0.0
HC IV or hospital,Butambala,Central,117265.57066345215,0.0,0.2945041840649452,2,4,0.30133563992172946,0.3528420909002793,0.051506450978549834,0.0,0.0
HC IV or hospital,Kaberamaido,Eastern,143284.31709575653,0.0,0.29897382350134266,1,9,0.30160460944860357,0.3529912331849616,0.05138662373635805,0.0,0.0
HC IV or hospital,Obongi,Northern,39899.68349093199,0.0,0.3553574073029026,1,8,0.3553575018789878,0.40670872956867116,0.051351227689683365,0.0,0.0
HC IV or hospital,Bugiri,Eastern,508195.42818784714,0.0,0.29509802026379794,1,4,0.30790071332875446,0.358984376597967,0.05108366326921254,0.0,0.0
HC IV or hospital,Lira,Northern,523324.09394073486,0.0,0.219472522714648,1,8,0.2213316506256448,0.271688913235067,0.05035726260942219,0.0,0.0
HC IV or hospital,Zombo,Northern,298394.47215270996,0.0,0.32501016078909645,1,9,0.32846178885424565,0.3780427698417341,0.04958098098748848,0.0,0.0
HC IV or hospital,Kitagwenda,Western,196693.2282450199,0.0,0.25029669696947304,7,4,0.2523965433343798,0.3003363614949902,0.04793981816061044,0.0,0.0
HC IV or hospital,Rubirizi,Western,157666.7276005745,0.0,0.2782096012677478,7,10,0.2797158083745603,0.3276084571363013,0.04789264876174104,0.009721876201800891,0.018005879100885927
HC IV or hospital,Budaka,Eastern,282575.6543273926,0.0,0.1986141356904618,1,4,0.20756027866482366,0.25404594499844063,0.046485666333616976,0.0,0.0
HC IV or hospital,Yumbe,Northern,728457.6647777557,0.0,0.266025236585584,1,10,0.2660909754107146,0.3122486850717791,0.04615770966106453,0.0,0.0
HC IV or hospital,Mitooma,Western,214271.22009277344,0.0,0.36731597149125533,7,4,0.37070203735845647,0.4159772623195411,0.045275224961084604,0.0,0.0
HC IV or hospital,Busia,Eastern,405357.4477996826,0.0,0.23230835121613083,1,4,0.24165211055992142,0.2865549627513041,0.04490285219138268,0.0,0.0
HC IV or hospital,Amolatar,Northern,197995.76859033108,0.0,0.3827765641872842,1,9,0.384827334026384,0.42889033624151685,0.04406300221513282,0.009619124189735963,0.013750111638579364
HC IV or hospital,Bundibugyo,Western,283026.32129096985,0.0,0.33054862645290006,1,4,0.33887551217920836,0.3821448948454472,0.043269382666238865,0.02558039192902625,0.03172368088174573
HC IV or hospital,Masindi,Western,378645.20184087753,0.0,0.48479587674310576,1,4,0.4886224900987595,0.5314208637239953,0.04279837362523581,0.01039881950392383,0.015732162726187993
HC IV or hospital,Nebbi,Northern,307164.88586235046,0.0,0.26937832713636284,1,10,0.2710530909696413,0.31342408474071015,0.04237099377106884,0.0,0.0
HC IV or hospital,Butebo,Eastern,148353.8183746338,0.0,0.13912656875594295,1,4,0.14636969847752923,0.18839673257979384,0.042027034102264604,0.0,0.0
HC IV or hospital,Kanungu,Western,299887.54853254557,0.0,0.33063703995691596,7,10,0.33409016960648474,0.3755986548378583,0.04150848523137357,0.00014290452478334098,0.0006255599793929121
HC IV or hospital,Kabarole,Western,377213.4872455597,0.0,0.2702161911612646,1,10,0.274075793433493,0.31447730969714155,0.040401516263648574,0.0,0.00026658645193809147
HC IV or hospital,Kazo,Western,229985.8902683258,0.0,0.3473575139401492,7,4,0.35024539306922653,0.3897022916054533,0.03945689853622675,0.0,0.0
HC IV or hospital,Arua,Northern,825673.5073642731,0.0,0.19067316824820327,1,10,0.1913320846785812,0.2306416478388503,0.039309563160269095,0.0,0.0
HC IV or hospital,Bunyangabu,Western,212732.85465240479,0.0,0.2526814887683964,7,10,0.25630790781757595,0.295543815540899,0.03923590772332303,0.009413221674298982,0.017201159242484738
HC IV or hospital,Kibuku,Eastern,273987.05403900146,0.0,0.19946722639343786,1,4,0.20640325397163475,0.24508099848256423,0.03867774451092948,0.0,0.0
HC IV or hospital,Soroti,Eastern,400823.7192646265,0.0,0.27703311600238206,1,5,0.2798670045089878,0.31799526418904195,0.03812825968005412,0.0,0.0
HC IV or hospital,Sheema,Western,246713.49653625488,0.0,0.3374942747484539,7,4,0.34103952543744126,0.3789087883232358,0.03786926288579456,0.0,0.0
HC IV or hospital,Namisindwa,Eastern,243029.63092041016,0.0,0.1889359010410815,1,5,0.19636380250597582,0.23263785222785854,0.03627404972188272,0.0,0.0
HC IV or hospital,Mpigi,Central,317552.90198493004,0.0,0.24383598351016178,2,4,0.24780073961128943,0.28359596353427236,0.03579522392298293,0.0,0.0
HC IV or hospital,Rukiga,Western,118241.23725128174,0.0,0.34619919138383465,7,4,0.34660075146694314,0.38148294830417545,0.034882196837232315,0.0,0.0
HC IV or hospital,Mityana,Central,400574.38171970844,0.0,0.2826495078291458,2,4,0.28745165549560897,0.3221938455802157,0.03474219008460672,0.0,0.0
HC IV or hospital,Kisoro,Western,332763.74637413025,0.0,0.16259376323093114,7,4,0.16397176000924665,0.19714431624256545,0.0331725562333188,0.0,0.0
HC IV or hospital,Lwengo,Central,318915.76079559326,0.0,0.18411305211790022,7,4,0.18541092247759297,0.2184343265516536,0.033023404074060625,0.0,0.0
HC IV or hospital,Kiboga,Central,187729.92077350616,0.0,0.25599847781286145,1,4,0.25851539338483503,0.2909688998021147,0.032453506417279676,0.0,0.00020179372492942318
HC IV or hospital,Ntungamo,Western,595577.942855835,0.0,0.25181155230591573,7,4,0.25467320900458995,0.28699297321602024,0.03231976421143029,0.0,0.0
HC IV or hospital,Ibanda,Western,304024.3825454712,0.0,0.22791507417967682,7,4,0.22941965454366456,0.2614851949515989,0.03206554040793433,0.0,0.0
HC IV or hospital,Bugweri,Eastern,217805.51097106934,0.0,0.24281175534976676,1,4,0.2490422142695642,0.2784005615683507,0.029358347298786502,0.0,0.0
HC IV or hospital,Rwampara,Western,157917.59030532837,0.0,0.1779670846166126,7,4,0.17980095171491675,0.20913529038306342,0.029334338668146664,0.0,0.0
HC IV or hospital,Sironko,Eastern,310147.0262145996,0.0,0.1444862359123659,1,5,0.1500808282254135,0.1791315730511986,0.029050744825785096,0.00082831951112156,0.004027615350145772
HC IV or hospital,Rukungiri,Western,373472.7942878604,0.0,0.21694241673602777,7,4,0.21847962763190026,0.24666536276463336,0.028185735132733092,0.0006742367307169391,0.0033412542121432345
HC IV or hospital,Buikwe,Central,534149.1648542881,0.0,0.16591554778644257,7,4,0.1729739207917142,0.2003538531544565,0.027379932362742304,0.0,0.0
HC IV or hospital,Kabale,Western,260640.60955953598,0.0,0.22787838087923304,7,4,0.22822791754380425,0.2556002807185804,0.02737236317477612,0.0,0.0
HC IV or hospital,Kapchorwa,Eastern,139265.12709999084,0.0,0.205437383483725,1,5,0.20976324979453345,0.23700259003767904,0.027239340243145588,0.004194969819303431,0.007702157265708258
HC IV or hospital,Maracha,Northern,225211.63748168945,0.0,0.18602107518300995,1,10,0.1863716941167795,0.21314393574054455,0.026772241623765042,0.0,0.0
HC IV or hospital,Mukono,Central,788379.8028843999,0.026657674388459267,0.18449349175447657,2,4,0.18979829843486956,0.2131775794863102,0.02337928105144063,0.026657674388459267,0.026657674388459267
HC IV or hospital,Hoima,Western,433275.9436904192,0.0,0.363323436902549,1,4,0.36522382857535113,0.3883127913343973,0.02308896275904615,0.0,0.0
HC IV or hospital,Bushenyi,Western,278361.8042945862,0.0,0.2233291934596807,7,10,0.2247002413616754,0.24777808595391027,0.02307784459223486,0.0,0.000812375355474564
HC IV or hospital,Manafwa,Eastern,194183.38885498047,0.0,0.12595045445900413,1,4,0.13085174078932763,0.15103110753734905,0.020179366748021427,0.0,0.0
HC IV or hospital,Jinja,Eastern,563372.8127424717,0.0,0.11121535635982718,1,4,0.11592548925604293,0.13560842531333603,0.0196829360572931,0.0,0.0
HC IV or hospital,Iganga,Eastern,435762.12283325195,0.0,0.12157094899493624,1,4,0.1249186790430369,0.14161107530325956,0.01669239626022266,0.0,0.0
HC IV or hospital,Mbale,Eastern,648760.3492126465,0.0,0.11250605774272165,1,4,0.1161059932643939,0.1318653277710078,0.01575933450661389,0.0,0.0
HC IV or hospital,Mbarara,Western,430712.4542236328,0.0,0.15860518073544155,7,4,0.15945793274438028,0.17479848814632204,0.015340555401941763,0.0,0.0
HC IV or hospital,Wakiso,Central,3267916.194630742,1.642058878533487e-05,0.1021876551275343,2,4,0.10328594686022029,0.11240164294027634,0.009115696080056052,1.642058878533487e-05,3.792313468491808e-05
HC IV or hospital,Kampala,Central,1806570.1978683472,0.0,0.027035288673765718,2,4,0.027205789357016893,0.028293400397074363,0.00108761104005747,0.0,0.0
hospital,Agago,Northern,274837.52820682526,0.0,2.0616644212241466,1,8,2.0713378327528766,2.5848678351653867,0.51353000241251,0.5523329916954071,0.8589971101463661
hospital,Kotido,Northern,235397.9819123745,0.0,2.0890459838734885,1,7,2.1070468790817203,2.5679591759772395,0.46091229689551927,0.44498925584376553,0.8584737880969316
hospital,Karenga,Northern,49233.33208310604,0.0,1.7893868630523755,1,8,1.797625549477522,2.1733313533156484,0.37570580383812646,0.2908457388123061,0.6800523146613563
hospital,Buvuma,Central,142020.1253273487,0.25236510227658243,1.4308691805134979,7,4,1.5036239003286498,1.8517183216674995,0.3480944213388497,0.3389739541761881,0.40940030353944457
hospital,Nabilatuk,Northern,103489.25585651398,0.0,1.963492622458981,2,4,1.9926667340419055,2.3349354682771515,0.34226873423524595,0.40200779327264874,0.6000665499125559
hospital,Nakapiripirit,Northern,138682.92461585999,0.0,1.5556147678137044,2,5,1.587717298911194,1.9082395875542901,0.32052228864309606,0.2554877561507666,0.3631447631101191
hospital,Pader,Northern,223135.74443006516,0.0,1.2311294245252113,1,8,1.2370346903201563,1.5226829877121422,0.28564829739198583,0.010245763013107806,0.2233539634201913
hospital,Otuke,Northern,149133.06934261322,0.0,1.5519865764429508,1,8,1.5614074477774837,1.8416437501790477,0.28023630240156394,0.1489673542153511,0.37435456363149106
hospital,Abim,Northern,170580.53079605103,0.0,2.1870102723116944,1,8,2.198538545345695,2.4597114220824072,0.2611728767367123,0.6526242501957072,0.7914247578442357
hospital,Kibaale,Western,212600.8210296631,0.0,0.9947898396500026,1,4,1.0083854871557907,1.2590600949936734,0.25067460783788276,0.0,0.0
hospital,Kapelebyong,Eastern,116353.70183181763,0.0,1.1295531613921963,1,8,1.1425263257955192,1.340397049128185,0.19787072333266575,0.004117653413570061,0.09474299275253335
hospital,Kwania,Northern,243286.81873464584,0.0,0.8413734152491553,1,9,0.8508114163143844,1.0469332802385742,0.19612186392418984,0.0,0.00022255048404751015
hospital,Mubende,Central,571194.1176757812,0.0,1.1617294907479039,1,4,1.1788011587193454,1.3675425786864235,0.18874141996707805,0.008005819668636416,0.020659827496722013
hospital,Namayingo,Eastern,295331.7254419327,0.06421777388397663,0.8722125235337027,7,4,0.9060597264746423,1.0918419814360336,0.18578225496139134,0.06435242919499824,0.08008796096335209
hospital,Kakumiro,Western,446415.3492126465,0.0,0.7996073648869689,1,4,0.8118612579692435,0.9922193389510985,0.18035808098185502,0.0,0.0
hospital,Madi Okollo,Northern,177257.41951787472,0.0,0.9900213014221466,1,10,0.991159589782791,1.16851807536681,0.17735848558401912,0.003211871658930725,0.03934315186916944
hospital,Amudat,Northern,152105.89099693298,0.0,0.9868173450603902,1,5,1.0008218359761745,1.1736229584291664,0.17280112245299195,0.024347524069215594,0.08340102733507218
hospital,Bukwo,Eastern,124884.82990455627,0.0,1.0812779587887258,1,5,1.1091288362480032,1.2771755998687246,0.16804676362072146,0.08289844801139007,0.0926820107556972
hospital,Moroto,Northern,130759.82229971886,0.0,0.9766448858618121,1,4,0.9819089318886697,1.1463946303545693,0.16448569846589967,0.16948052914902081,0.23869167718516293
hospital,Alebtong,Northern,289207.3506336212,0.0,0.9293069340963191,1,8,0.9362635729393011,1.0912477814847052,0.15498420854540418,0.0,0.006400767859299227
hospital,Rakai,Central,341287.43423223495,0.0,0.5510629220287482,7,4,0.5564878026417678,0.7031637024877746,0.14667589984600682,0.0,0.0
hospital,Kaabong,Northern,117463.62553563714,0.0,0.7581813676957523,1,4,0.7599616671445424,0.904210279003024,0.1442486118584816,0.08075419211672452,0.10159046360073616
hospital,Oyam,Northern,504256.2859954834,0.0,0.6765249151434946,1,8,0.6796045950785761,0.8157326592709956,0.13612806419241952,0.0,0.0
hospital,Amuria,Eastern,243597.25686264038,0.0,0.8277916129447672,1,8,0.8361939649520927,0.9718177521299182,0.13562378717782542,0.0,0.0
hospital,Kaliro,Eastern,318788.12661087513,0.0,0.7361219297800592,1,4,0.7562933424000988,0.8910783339890755,0.13478499158897672,0.0007874047451302774,0.005724198295099112
hospital,Buyende,Eastern,448484.97411847115,0.0,0.9600984998501888,1,4,0.9725822440760137,1.106119045892653,0.1335368018166394,0.007164221825581596,0.018790483490573884
hospital,Amuru,Northern,241848.72710990906,0.0,0.8758657758228373,1,8,0.8767686895431345,1.0097709488481956,0.13300225930506115,0.056118167962976216,0.0945152382284507
hospital,Napak,Northern,177164.3414130211,0.0,1.140990221362039,2,4,1.1494589627267136,1.2817548917683645,0.132295929041651,0.1853197036240338,0.23443860028127744
hospital,Ntoroko,Western,84477.01499450207,0.0,0.9698423532151269,1,4,0.974644834376031,1.1032380969204576,0.1285932625444266,0.0620924104223857,0.13250488169077873
hospital,Lamwo,Northern,156529.3617722988,0.0,1.0704217347445488,1,8,1.0724871120353927,1.1963516045683342,0.12386449253294152,0.053578690538681535,0.0951015478997152
hospital,Bukomansimbi,Central,171343.57963562012,0.0,0.531451035700465,7,4,0.5431255162776157,0.6630813956198723,0.1199558793422566,0.0,0.0
hospital,Nwoya,Northern,253043.7192670554,0.0,0.6922363441205323,1,8,0.6939909290946171,0.8123814437812141,0.118390514686597,0.013423466246622105,0.03513492615039342
hospital,Gomba,Central,190785.26682901382,0.0,0.8751174413035134,2,4,0.8942688709285851,1.0118232991716058,0.11755442824302076,0.026141287529827337,0.050868673546918486
hospital,Kalungu,Central,213038.63808512688,0.0,0.5070962957830532,2,4,0.5194092716477625,0.6354967842181116,0.1160875125703491,0.0,0.00020062055213731017
hospital,Serere,Eastern,391206.7838513851,7.165041516675801e-05,0.900010374046814,1,5,0.908220101394704,1.023053127237974,0.11483302584326993,0.0017191410097370785,0.010564977343857272
hospital,Buhweju,Western,156838.64905166626,0.0,0.7604924698296941,7,4,0.7652150011265189,0.8795027104648327,0.11428770933831389,0.0,0.001847516801098663
hospital,Kamwenge,Western,376938.38701820374,0.0,0.722401424248033,1,4,0.7309618706823832,0.8420756501864917,0.1111137795041085,0.0,0.000599054297182665
hospital,Omoro,Northern,220684.70723342896,0.0,0.6334090004544594,1,8,0.6352845307213127,0.7458891053461634,0.11060457462485063,0.00043707116334249223,0.006825235748556663
hospital,Kole,Northern,317410.15129089355,0.0,0.49912165688546,1,8,0.5031172464061289,0.6136442421860767,0.11052699577994785,0.0,0.0
hospital,Kyegegwa,Western,478685.89238739014,0.0,1.1504408500888088,1,4,1.1623209899869096,1.2685091309993477,0.10618814101243812,0.0,0.0
hospital,Kalaki,Eastern,152737.33815735579,0.0,0.4208776828467473,1,8,0.4272346610650156,0.5312264913991734,0.10399183033415782,0.0,1.2869131660958694e-05
hospital,Kassanda,Central,379778.12661898136,0.0,0.8255477674175683,1,4,0.835025712564385,0.9380127890766989,0.10298707651231398,0.0,0.00018057176243528155
hospital,Kaberamaido,Eastern,143284.31709575653,0.0,0.5609283338014712,1,9,0.5662481254400259,0.6653019656636412,0.0990538402236153,0.0,0.0
hospital,Obongi,Northern,39899.68349093199,0.0,0.8796945725877778,1,8,0.8797180055249215,0.9775132525093744,0.09779524698445285,0.0,0.0
hospital,Ngora,Eastern,182460.25783789158,0.0,0.43085254446094196,1,5,0.4386247997279867,0.5353045583872453,0.09667975865925865,0.0017113545625585256,0.012903264586995885
hospital,Pallisa,Eastern,366643.11223983765,0.0,0.361766585280402,1,4,0.37455588224089764,0.46882025725085275,0.0942643750099551,0.0044977719307807435,0.011617061132665647
hospital,Kikuube,Western,371548.99731373787,0.0,0.7989915079107573,1,4,0.8054810396699039,0.8965475931878695,0.09106655351796555,0.00022975459504314365,0.00141939243120785
hospital,Lyantonde,Central,122379.688331604,0.0,0.8294790886614565,7,4,0.8334325889191418,0.9233405116576991,0.0899079227385573,0.0,0.0
hospital,Mayuge,Eastern,628631.6773104668,0.02774608801561613,0.4410904051740183,7,4,0.4615179796979938,0.5513540324924376,0.08983605279444384,0.02778527279246573,0.029497888293269853
hospital,Yumbe,Northern,728457.6647777557,0.0,0.4815261755385059,1,10,0.4818010985729991,0.5697856865955453,0.08798458802254622,0.0,0.0020438551921784878
hospital,Apac,Northern,245269.2705347538,0.0,0.5520454142347139,1,9,0.5566068727921945,0.6437100368618077,0.08710316406961327,0.00012036961755489474,0.0021140787652050214
hospital,Adjumani,Northern,267747.9699473381,0.0,0.4841004292485616,1,8,0.48421663508959395,0.5708250795975685,0.0866084445079745,0.02003694570430969,0.027075725967295666
hospital,Kitgum,Northern,246198.50072336197,0.0,0.6619807819533113,1,8,0.6634037284324409,0.7500060657310653,0.08660233729862443,0.06596327248759806,0.08566637759701935
hospital,Pakwach,Northern,194333.39866507053,0.0,0.8337031367736959,1,10,0.8346225381092619,0.9207990409025919,0.08617650279333,0.0,0.005275146687008076
hospital,Moyo,Northern,89685.01685476303,0.0,0.4345411027740534,1,8,0.43454108511575873,0.5173196283871488,0.08277854327139011,0.0,0.0027729525163589976
hospital,Namutumba,Eastern,340263.57367897034,0.0,0.62898776751234,1,4,0.6433840978684279,0.7246861543585831,0.0813020564901552,0.0,0.0
hospital,Kyankwanzi,Central,310849.2729358673,0.0,0.6528531043483696,1,4,0.6582111642651178,0.7364147668935717,0.07820360262845383,0.001430241642886416,0.007899931964766679
hospital,Nakasongola,Central,236551.63849419355,0.0,1.2513424962015964,1,4,1.2588574295528134,1.3367406723291295,0.07788324277631609,0.007475882892018424,0.038531751247268396
hospital,Dokolo,Northern,234703.5996966362,0.0,0.60841369424295,1,9,0.6126674206098811,0.6899305533795091,0.07726313276962804,0.0,0.0
hospital,Bulambuli,Eastern,254259.3958349228,0.0,0.5679965112622049,1,5,0.5808399153937073,0.6577552694887632,0.0769153540950559,0.0295971600973012,0.06257745621059414
hospital,Katakwi,Eastern,213067.83387631178,0.0,0.5319534380469765,1,8,0.5387245364625886,0.6155207238400822,0.07679618737749361,0.004663758616520953,0.018159913669551577
hospital,Kiruhura,Western,214649.75305124745,0.0,0.6030665949660554,7,4,0.6062827973593273,0.680121315419133,0.07383851805980568,0.0,0.00016760166513666148
hospital,Rubirizi,Western,157666.7276005745,0.0,0.3979497527671106,7,10,0.4002147712870839,0.4739594972707551,0.07374472598367121,0.013369145377949298,0.02473485333169482
hospital,Lira,Northern,523324.09394073486,0.0,0.36994511746872905,1,8,0.3726010213476673,0.4463087782513445,0.0737077569036772,0.0,0.0
hospital,Nakaseke,Central,256395.254383564,0.0,0.502688240667578,1,4,0.509966482955385,0.5822278843562249,0.07226140140083981,2.6450207824543147e-05,0.002546639325029346
hospital,Kyotera,Central,287045.4042478204,1.1519678130384404e-05,0.43823143888823646,7,4,0.4417232954071889,0.5127354982912149,0.07101220288402599,0.005106108705880959,0.019230831833391946
hospital,Kagadi,Western,533822.0619452,0.0,0.45094284244474336,1,4,0.4547181709427343,0.5256007285757356,0.07088255763300128,0.0,0.0
hospital,Isingiro,Western,649367.6908245385,0.0,0.8186819264763596,7,4,0.8196472833798509,0.8904591275622428,0.07081184418239184,0.0,0.0037489654818854854
hospital,Kayunga,Central,455215.8268266916,0.0,0.503536659189221,1,4,0.5146686083862295,0.5854621347069001,0.0707935263206706,0.0007722567153580458,0.010055617936893618
hospital,Bukedea,Eastern,263752.670091629,0.0,0.3626336505193572,1,4,0.3721827627130549,0.44209163136488727,0.06990886865183238,0.002049580627717858,0.005291123694627324
hospital,Kasese,Western,868379.9760396183,0.0,0.5314163489795176,7,4,0.5387561556091418,0.6071934900247197,0.06843733441557787,0.06562485493103626,0.08972508374779475
hospital,Amolatar,Northern,197995.76859033108,0.0,0.6575606571191551,1,9,0.6604548582407738,0.7280612953300236,0.06760643708924985,0.012532338474939127,0.01665871982283768
hospital,Luuka,Eastern,296096.2121582031,0.0,0.4474949485301085,1,4,0.46017239387341086,0.5276758743953124,0.06750348052190153,0.0,0.0
hospital,Tororo,Eastern,652402.6648712158,0.0,0.2767773406334237,1,4,0.2911926206760013,0.3580309834142185,0.0668383627382172,0.0,0.0
hospital,Bududa,Eastern,291978.08964538574,0.0,0.2950117414191328,1,5,0.30755579209666384,0.37439138373434094,0.0668355916376771,0.007150154846865367,0.012875052857452492
hospital,Butebo,Eastern,148353.8183746338,0.0,0.25647348022186994,1,4,0.2682858717633653,0.3347526778398965,0.06646680607653116,0.0,0.0
hospital,Luwero,Central,576668.9202880859,0.0,0.3969467624068823,1,4,0.407031413483222,0.47277395062530747,0.06574253714208544,0.0,0.0
hospital,Kumi,Eastern,338688.6044868827,0.0,0.24034135952706476,1,5,0.245706602102057,0.3098476472497406,0.06414104514768362,0.005994296244163855,0.007396216294232123
hospital,Kibuku,Eastern,273987.05403900146,0.0,0.3309721526259708,1,4,0.34219761869273635,0.40616835010569335,0.063970731412957,0.0,0.0
hospital,Ssembabule,Central,325401.58068466187,0.0,0.5759694858294467,7,4,0.5814207051514675,0.6450200143987764,0.06359930924730894,0.0,0.0
hospital,Butaleja,Eastern,331123.7110443115,0.0,0.23730905660092086,1,4,0.25074822947634573,0.31354012196196335,0.06279189248561762,0.0,0.0
hospital,Gulu,Northern,362377.0471968651,0.0,0.2783065919425307,1,8,0.2790424050587158,0.34178067706124,0.06273827200252419,0.0040501179923067435,0.012585117122352241
hospital,Kiryandongo,Western,347261.84740924835,0.0,0.5341662792511511,1,4,0.5375408723744008,0.5996713271389038,0.06213045476450296,0.06006296209547516,0.08843015854834137
hospital,Kyenjojo,Western,575728.1357688904,0.0,0.73504401509375,1,10,0.7390356077864678,0.799700496140322,0.060664888353854196,0.0,0.0
hospital,Masaka,Central,368997.81379696727,0.0,0.2470744223321265,7,4,0.2518678170491098,0.3120442991888074,0.06017648213969756,0.0012317120817665543,0.008253035228771159
hospital,Buliisa,Western,161654.37006437778,0.0,0.6506089180041353,1,10,0.6535091520304989,0.7109050040391831,0.057395852008684245,0.02076172840535769,0.027733352584560705
hospital,Koboko,Northern,279879.3769874573,0.0,0.5407430196123147,1,10,0.5412209697990308,0.5977197877837795,0.05649881798474876,0.0,0.0
hospital,Bugiri,Eastern,508195.42818784714,0.0,0.35684529885025723,1,4,0.37044335024696134,0.42692100250131304,0.056477652254351696,0.0,0.0
hospital,Kanungu,Western,299887.54853254557,0.0,0.43148121542047524,7,10,0.4360246155582003,0.49045268936751957,0.054428073809319244,0.0011030759877051306,0.00331142250963232
hospital,Kween,Eastern,121055.31943702698,0.0,0.4546908631331207,1,5,0.463450163516716,0.5177104661411381,0.05426030262442216,0.02957218993637607,0.034826734908039114
hospital,Kamuli,Eastern,614101.8716237545,0.0,0.3351305553986325,1,4,0.34265415420402434,0.3964272039880496,0.05377304978402525,0.0,0.0
hospital,Kisoro,Western,332763.74637413025,0.0,0.2588026469190563,7,4,0.2610526212693434,0.31392507634517036,0.05287245507582694,0.0,0.0
hospital,Kitagwenda,Western,196693.2282450199,0.0,0.39361847821276424,7,4,0.3959735713408105,0.44841955357617114,0.05244598223536062,0.0,0.0
hospital,Rubanda,Western,232851.41057515144,0.0,0.365936562547422,7,4,0.36704762092378423,0.4192277503552333,0.05218012943144906,0.0,0.0
hospital,Butambala,Central,117265.57066345215,0.0,0.29479082228182263,2,4,0.3016418753732072,0.3532783992813142,0.051636523908107024,0.0,0.0
hospital,Zombo,Northern,298394.47215270996,0.0,0.32501016078909645,1,9,0.32846178885424565,0.3780427698417341,0.04958098098748848,0.0,0.0
hospital,Lwengo,Central,318915.76079559326,0.0,0.5019847590392104,7,4,0.5044176579420089,0.5532714199598621,0.048853762017853186,0.0,0.0
hospital,Namisindwa,Eastern,243029.63092041016,0.0,0.20892278690613905,1,5,0.21867225812925575,0.26709064990290887,0.04841839177365312,0.0,0.0
hospital,Mityana,Central,400574.38171970844,0.0,0.37547072948599597,2,4,0.3821906916636315,0.43005452394964017,0.047863832286008656,0.0,0.0
hospital,Ntungamo,Western,595577.942855835,0.0,0.49014680212396916,7,4,0.49498911363370945,0.5420230288853733,0.047033915251663894,0.0,0.0
hospital,Budaka,Eastern,282575.6543273926,0.0,0.20012936343430354,1,4,0.20917912557571797,0.25611150159533913,0.046932376019621164,0.0,0.0
hospital,Arua,Northern,825673.5073642731,0.0,0.2520807444763552,1,10,0.2528261847742967,0.29895927052180116,0.046133085747504465,0.0,0.0
hospital,Kazo,Western,229985.8902683258,0.0,0.5047534757436395,7,4,0.5082534171659522,0.5539546731125475,0.045701255946595354,0.0,0.0
hospital,Busia,Eastern,405357.4477996826,0.0,0.2568253293842727,1,4,0.2657172374108766,0.31051059048711505,0.04479335307623844,0.0,0.0
hospital,Ibanda,Western,304024.3825454712,0.0,0.35453262434919025,7,4,0.35672630580398057,0.4004836186682187,0.04375731286423812,0.0,0.0
hospital,Bundibugyo,Western,283026.32129096985,0.0,0.38860323698546956,1,4,0.39769256231405326,0.4414149965043209,0.04372243419026767,0.028576252708252613,0.03521554772110813
hospital,Masindi,Western,378645.20184087753,0.0,0.48553900531440214,1,4,0.4893775125173106,0.5323232952432201,0.04294578272590949,0.01039881950392383,0.015732162726187993
hospital,Manafwa,Eastern,194183.38885498047,0.0,0.3082356658330311,1,4,0.31894253198676825,0.36142605794929733,0.04248352596252908,0.0,0.0
hospital,Nebbi,Northern,307164.88586235046,0.0,0.2846176945728153,1,9,0.28635264638022273,0.3287813761863175,0.042428729806094745,0.0,0.0
hospital,Sironko,Eastern,310147.0262145996,0.0,0.3423653658253041,1,5,0.35089531351279984,0.3926477891922806,0.04175247567948076,0.004027615350145772,0.008908343779751034
hospital,Mitooma,Western,214271.22009277344,0.0,0.4172991709482961,7,4,0.4204864572741375,0.4604834569811645,0.03999699970702697,0.0,0.0
hospital,Kabarole,Western,377213.4872455597,0.0,0.321065392654282,1,10,0.3249769046142831,0.3642700728958225,0.03929316828153945,0.0,0.0003769998467401216
hospital,Bunyangabu,Western,212732.85465240479,0.0,0.46519229085426744,7,10,0.46940387600714517,0.5086058961679448,0.039202020160799655,0.016158805274438845,0.020806378720875974
hospital,Rukiga,Western,118241.23725128174,0.0,0.3731406869216792,7,4,0.37356996335127357,0.41073495895055895,0.03716499559928538,0.0,0.0
hospital,Rwampara,Western,157917.59030532837,0.0,0.4137995806559589,7,4,0.41619828578476975,0.45287634748729677,0.03667806170252702,0.0,0.0
hospital,Kiboga,Central,187729.92077350616,0.0,0.46762333460873307,1,4,0.4705616217930981,0.5070659488332341,0.03650432704013601,0.00039795633414807264,0.0024699541383179507
hospital,Bugweri,Eastern,217805.51097106934,0.0,0.35676780010121617,1,4,0.3646440614296358,0.4004438506942567,0.03579978926462091,0.0,0.0
hospital,Soroti,Eastern,400823.7192646265,0.0,0.28916270076626976,1,5,0.29175431369557014,0.32745474340141906,0.03570042970584891,0.0,0.0
hospital,Mpigi,Central,317552.90198493004,0.0,0.24741211397104804,2,4,0.25132693590353233,0.28685667973176243,0.0355297438282301,0.0,0.0
hospital,Rukungiri,Western,373472.7942878604,0.0,0.2947689767183847,7,4,0.2966829883619631,0.32733600831666115,0.030653019954698046,0.0024017369794210003,0.006221182240414523
hospital,Sheema,Western,246713.49653625488,0.0,0.4435207946722402,7,4,0.4471274630441837,0.4775288213613703,0.0304013583171866,0.0,0.0
hospital,Kabale,Western,260640.60955953598,0.0,0.22882106785158154,7,4,0.2291629477764069,0.2564345293369745,0.027271581560567637,0.0,0.0
hospital,Kapchorwa,Eastern,139265.12709999084,0.0,0.25150849962398514,1,5,0.2557745020460879,0.28277072148547444,0.026996219439386515,0.004194969819303431,0.007702157265708258
hospital,Maracha,Northern,225211.63748168945,0.0,0.1962342151143992,1,10,0.19659041630068352,0.22293802228203793,0.02634760598135441,0.0,0.0
hospital,Buikwe,Central,534149.1648542881,0.0,0.16878924259575734,7,4,0.17551461470367768,0.20178028765943984,0.026265672955762154,0.0,0.0
hospital,Bushenyi,Western,278361.8042945862,0.0,0.261582402833001,7,10,0.2628237025029001,0.28628946618621604,0.023465763683315932,9.597156844908174e-05,0.001064815202732765
hospital,Mukono,Central,788379.8028843999,0.026657674388459267,0.185439979244913,2,4,0.19074670026961416,0.21414227054108415,0.02339557027146999,0.026657674388459267,0.026657674388459267
hospital,Hoima,Western,433275.9436904192,0.0,0.3976006295147464,1,4,0.39949359052700634,0.422323041327894,0.022829450800887663,0.0,0.0
hospital,Jinja,Eastern,563372.8127424717,0.0,0.1318698409235946,1,4,0.1370403624292203,0.15845998701331748,0.021419624584097186,0.0,0.0
hospital,Mbale,Eastern,648760.3492126465,0.0,0.14395238651488146,1,4,0.14826764374678042,0.16652859377758802,0.018260950030807604,0.0,0.0
hospital,Iganga,Eastern,435762.12283325195,0.0,0.13923417348990177,1,4,0.14283841414202425,0.16095371151994803,0.018115297377923778,0.0,0.0
hospital,Mbarara,Western,430712.4542236328,0.0,0.27096564085650066,7,4,0.2718423418970544,0.28724768486447194,0.015405342967417524,0.0,0.0
hospital,Wakiso,Central,3267916.194630742,1.642058878533487e-05,0.11905896414739979,2,4,0.12041478722727156,0.13080604179188535,0.010391254564613789,1.642058878533487e-05,3.792313468491808e-05
hospital,Kampala,Central,1806570.1978683472,0.0,0.02725547042075246,2,4,0.02742597110557036,0.02851358214562783,0.00108761104005747,0.0,0.0
hospital,Kalangala,Central,72499.03627970815,1.0,,1,1,,,,1.0,1.0
