mode,district,region,women_15_49,dry_share_over_2h,worst_month,worst_month_share_over_2h,wet_day_share_over_2h,extra_women_over_2h
motorised,Buvuma,Central,34437.64398631493,0.28459196017501015,4,0.35147907862907474,0.7688668399704239,2303.434772591552
motorised,Kalangala,Central,17521.630468993888,0.3013409360793415,4,0.32805347539521484,0.3619404799457499,468.04724278120386
motorised,Moroto,Northern,35001.685354601075,0.16590082350739085,4,0.23748495511595757,0.43467625986446895,2505.5652509454058
motorised,Nakapiripirit,Northern,35337.83374761297,0.15387301284052005,5,0.2210759938180338,0.43794704102947485,2374.807769127378
motorised,Napak,Northern,46734.53769712375,0.16844535686062626,4,0.2168533391952044,0.35635570541628536,2262.324675257042
motorised,Nabilatuk,Northern,25086.108484706252,0.15637782075853096,4,0.20801296803373764,0.3535169406074823,1295.3249061696192
motorised,Kotido,Northern,57733.657089054184,0.07391619631669186,8,0.12073842956694456,0.3003776344103439,2703.2187586138
motorised,Amudat,Northern,33792.79261737055,0.01765297746347069,5,0.0964949778986493,0.5597809649103986,2664.2913702446294
motorised,Kiryandongo,Western,78161.23084257465,0.06896710557962113,10,0.09417129257310035,0.13269758302498305,1969.9902777967466
motorised,Kaabong,Northern,30493.699989828536,0.07394522064867687,5,0.08399223192693106,0.18046354666934428,306.37054771350705
motorised,Kasese,Western,206670.65168716386,0.052151646280567655,4,0.08354704618210942,0.1284919066739896,6488.507757630758
motorised,Bukwo,Eastern,27597.958438118323,0.05454674212839044,10,0.07354946019839004,0.09529938327032375,524.436223507129
motorised,Ntoroko,Western,19575.628754957892,0.027375528320201604,4,0.06904015634352433,0.36860222812832855,815.6112903979806
motorised,Namayingo,Eastern,66486.05468152292,0.06442867875660858,4,0.06497475817736076,0.12945295826803083,36.30666622858341
motorised,Abim,Northern,40977.922198849985,0.033776910597016145,8,0.061583747281653604,0.16546546035217233,1139.4663902592015
motorised,Karenga,Northern,12779.635467912389,0.04153498588693701,7,0.05536763976525891,0.3174890884065043,176.77627411875835
motorised,Bulambuli,Eastern,55047.612986227236,0.008124124057550324,5,0.04143621222939332,0.0928410008894455,1833.750937446691
motorised,Lamwo,Northern,35796.11126869258,0.018113240573546765,8,0.03975739488299806,0.1680911472495976,774.7765559778704
motorised,Kween,Eastern,25995.238044554477,0.024173921512025322,5,0.034029489559620776,0.05605282096883934,256.19783746154883
motorised,Buliisa,Western,39272.597233404216,0.02303002478396104,4,0.03151627178031535,0.07231633827364625,333.27696031100913
motorised,Bundibugyo,Western,69067.09263127993,0.02489034575141072,4,0.031058255292469545,0.06874202836824438,425.99957961366516
motorised,Amuru,Northern,56125.701301581124,0.0016981137824840168,8,0.02890617511101995,0.15357238483449612,1527.0715231205083
motorised,Mayuge,Eastern,137142.11294410008,0.027729735523286225,4,0.028810268576320415,0.03294524554270171,148.18658599904813
motorised,Mukono,Central,179462.6997544881,0.027619372915378543,1,0.027619372915378543,0.02763241753890331,0.0
motorised,Kitgum,Northern,58508.6775386964,0.01576523697167111,8,0.024724329438543996,0.0614053653175266,524.1846521836297
motorised,Rubirizi,Western,37273.57637912639,0.008371359857820837,10,0.02006446524968163,0.05930627064952512,435.84385693269786
motorised,Nwoya,Northern,61856.95608699467,0.0051679049041922775,10,0.018502318536246454,0.1441085914061441,824.8262384837983
motorised,Bunyangabu,Western,46282.294856226836,0.008179838097413959,4,0.018026039935277672,0.0380079990420393,455.70481667393096
motorised,Masindi,Western,85226.20931139581,0.010698792395108708,4,0.015618532501368214,0.04990654929315727,419.29080005374124
motorised,Katakwi,Eastern,49880.60947887881,0.00394400105217518,8,0.0132475387620757,0.08573890279025315,464.06613127957036
motorised,Agago,Northern,66872.70878200544,0.0020233594078238933,8,0.012176208661418834,0.5251515485866176,678.9485314432558
motorised,Bududa,Eastern,59780.41708248433,0.0022793323591326123,4,0.012152876083976472,0.038675054277027665,590.2445619533117
motorised,Ngora,Eastern,40403.63174113851,0.0008399801690144935,5,0.011200100840458587,0.03220032089001659,418.58650040278377
motorised,Amolatar,Northern,43742.850472689795,0.009176905737839152,4,0.011190905325354009,0.01799237369151105,88.09808280872132
motorised,Adjumani,Northern,65029.776044936974,0.004154186879329559,8,0.010656244008289528,0.031395332044554206,422.82731892765264
motorised,Buyende,Eastern,97170.17829922494,0.0033067677711845784,4,0.010258197538791331,0.031016310900638815,675.471669952888
motorised,Kyotera,Central,63757.84647353486,0.001677087077856321,4,0.007997590063362287,0.030217900806217106,402.9816589854081
motorised,Kumi,Eastern,76903.68939965761,0.006230573764286841,4,0.007894464593195472,0.013776667710118963,127.95934350132822
motorised,Pallisa,Eastern,76988.79873416912,0.0013811998854878485,5,0.007637165828258643,0.04586240453840369,481.6393028557972
motorised,Kapchorwa,Eastern,31232.87731193216,0.003191671282360091,4,0.007603514834538701,0.025416048887422694,137.7945683846335
motorised,Masaka,Central,89607.65226767556,0.0001337654932372894,4,0.006097305149397785,0.014652753299457633,534.3787877937231
motorised,Bukedea,Eastern,58239.82299714524,0.0020626656849274004,4,0.005550721994982289,0.02056235626510502,203.14378210167226
motorised,Sironko,Eastern,65459.9906436047,0.0008261700166828829,5,0.004499275431938048,0.012002274965002883,240.4414461155769
motorised,Kaliro,Eastern,66978.38250951373,0.0007868450925396022,4,0.003999434810409529,0.022268257713660426,215.17406296962275
motorised,Gulu,Northern,86076.94270619628,0.0016606654300143138,8,0.003342025515482588,0.018626681232539802,144.7263357453379
motorised,Kyankwanzi,Central,65429.304528255234,0.00032589879632679853,4,0.002871429230829781,0.04675462379921696,166.5522859850375
motorised,Apac,Northern,54684.77694121497,0.00012039908642138849,9,0.0025019000016185265,0.07117111379045256,130.23184633285481
motorised,Moyo,Northern,22207.785810254685,0.0,8,0.0021964948609300974,0.03889363414397123,48.77928740486075
motorised,Gomba,Central,38327.964288213814,0.00028411486324763914,4,0.001742020789944375,0.03797458204944533,55.87856629400776
motorised,Buhweju,Western,33925.27130584435,0.0,10,0.0015650697893032585,0.024829717583565083,53.0954172146937
motorised,Serere,Eastern,86814.19865507184,7.075832377992347e-05,5,0.0015191026710465838,0.028123900998107416,125.73685388455822
motorised,Kanungu,Western,71017.65033686846,0.0003416961400923421,10,0.0013066988509639848,0.013938411232573875,68.5322250948125
motorised,Rukungiri,Western,88806.11863987027,0.00017796998776989384,4,0.001183741637020674,0.012763650703488342,89.31867640798276
motorised,Mubende,Central,131063.66356127326,0.0,4,0.0010243946891593547,0.060438807589521554,134.26092089393677
motorised,Kiboga,Central,39491.29458064394,0.0,4,0.0008789781634668694,0.005911430734767003,34.71198558342354
motorised,Kamwenge,Western,90182.64263947522,0.0,4,0.0007159520359297759,0.07022538866338507,64.5664466032597
motorised,Kyegegwa,Western,105914.26121427095,0.0,4,0.0006768169234020194,0.03902192908212621,71.68456441944069
motorised,Bushenyi,Western,65435.79997204167,0.0,10,0.0003552060816125502,0.008587943040049686,23.243194105251543
motorised,Pader,Northern,53979.54592562944,0.0,8,0.00030290976948035614,0.2721370914158321,16.350931812986712
motorised,Nakaseke,Central,53182.967523619016,0.0,4,0.000297881468637061,0.01886360998026654,15.842220472412752
motorised,Kabarole,Western,85716.68493763384,0.0,10,0.0002588646436316919,0.015427705794312947,22.1890190996706
motorised,Madi Okollo,Northern,43610.532605509245,0.0,8,0.00022204881903752077,0.06230803738778516,9.683667262650621
motorised,Wakiso,Central,852331.4299803954,1.4953105552788124e-05,4,3.453400125509216e-05,0.0022850696013435533,16.689412834241775
motorised,Alebtong,Northern,64436.139012880565,0.0,1,0.0,0.0,0.0
motorised,Amuria,Eastern,54592.6305546783,0.0,1,0.0,0.0,0.0
motorised,Arua,Northern,207016.2426183614,0.0,1,0.0,0.0001341945812027979,0.0
motorised,Budaka,Eastern,61698.418826058085,0.0,1,0.0,0.0,0.0
motorised,Bugiri,Eastern,114329.17117728587,0.0,1,0.0,0.0,0.0
motorised,Bugweri,Eastern,47780.156947389936,0.0,1,0.0,0.0,0.0
motorised,Buikwe,Central,121233.25603535924,0.0,1,0.0,0.0,0.0
motorised,Bukomansimbi,Central,35178.7498878476,0.0,1,0.0,0.0028292751078111355,0.0
motorised,Busia,Eastern,92619.628010743,0.0,1,0.0,0.0,0.0
motorised,Butaleja,Eastern,71516.39174153219,0.0,1,0.0,0.0,0.0
motorised,Butambala,Central,23031.956532860044,0.0,1,0.0,0.0013820832941192427,0.0
motorised,Butebo,Eastern,31727.735044722573,0.0,1,0.0,0.0,0.0
motorised,Dokolo,Northern,51489.10447371212,0.0,1,0.0,0.0003826087222471605,0.0
motorised,Hoima,Western,100042.82484562803,0.0,1,0.0,0.0,0.0
motorised,Ibanda,Western,69810.47915406563,0.0,1,0.0,0.0005115752596395518,0.0
motorised,Iganga,Eastern,98626.38807652076,0.0,1,0.0,0.0,0.0
motorised,Isingiro,Western,153802.42906553022,0.0,1,0.0,0.004561792028797757,0.0
motorised,Jinja,Eastern,131625.63454828953,0.0,1,0.0,0.0,0.0
motorised,Kabale,Western,65459.370348329074,0.0,1,0.0,0.0,0.0
motorised,Kaberamaido,Eastern,30386.58262965433,0.0,1,0.0,0.0002689140027943418,0.0
motorised,Kagadi,Western,119126.7468156555,0.0,1,0.0,0.019974489434623915,0.0
motorised,Kakumiro,Western,96737.43435996397,0.0,1,0.0,0.003245471396279769,0.0
motorised,Kalaki,Eastern,34123.471708684694,0.0,1,0.0,0.024582158350479756,0.0
motorised,Kalungu,Central,44552.484029228566,0.0,1,0.0,0.0035454630871733822,0.0
motorised,Kampala,Central,558271.6049830529,0.0,1,0.0,0.0,0.0
motorised,Kamuli,Eastern,129320.0606724982,0.0,1,0.0,0.0003884288818325327,0.0
motorised,Kapelebyong,Eastern,27628.480220294594,0.0,1,0.0,0.0002149701162790476,0.0
motorised,Kassanda,Central,78874.76082821148,0.0,1,0.0,0.021372503239026133,0.0
motorised,Kayunga,Central,97612.3179211369,0.0,1,0.0,0.0,0.0
motorised,Kazo,Western,52119.80815025524,0.0,1,0.0,0.004660359864118369,0.0
motorised,Kibaale,Western,44467.67240873285,0.0,1,0.0,0.0038187441484040987,0.0
motorised,Kibuku,Eastern,58196.894792785526,0.0,1,0.0,0.0,0.0
motorised,Kikuube,Western,81409.20706037083,0.0,1,0.0,0.06805805170146341,0.0
motorised,Kiruhura,Western,49177.92182828175,0.0,1,0.0,0.01913799170675326,0.0
motorised,Kisoro,Western,80224.47154364896,0.0,1,0.0,0.0,0.0
motorised,Kitagwenda,Western,46318.43300731783,0.0,1,0.0,0.008634955255227986,0.0
motorised,Koboko,Northern,70059.10940816143,0.0,1,0.0,0.0016223302047346803,0.0
motorised,Kole,Northern,72769.29837401089,0.0,1,0.0,0.0,0.0
motorised,Kwania,Northern,52884.58692323491,0.0,1,0.0,0.03947074263686349,0.0
motorised,Kyenjojo,Western,124009.35527229401,0.0,1,0.0,0.0,0.0
motorised,Lira,Northern,123078.89478441724,0.0,1,0.0,0.0,0.0
motorised,Luuka,Eastern,63019.442731218274,0.0,1,0.0,0.0,0.0
motorised,Luwero,Central,124018.44611506043,0.0,1,0.0,0.018232391865064805,0.0
motorised,Lwengo,Central,70707.91175508952,0.0,1,0.0,0.0,0.0
motorised,Lyantonde,Central,28123.96098748893,0.0,1,0.0,0.0010720161526087243,0.0
motorised,Manafwa,Eastern,42165.21477391439,0.0,1,0.0,0.0,0.0
motorised,Maracha,Northern,56290.35783606368,0.0,1,0.0,0.0,0.0
motorised,Mbale,Eastern,154393.3729515216,0.0,1,0.0,0.0,0.0
motorised,Mbarara,Western,110011.44746777906,0.0,1,0.0,0.0,0.0
motorised,Mitooma,Western,50486.67273569673,0.0,1,0.0,0.0,0.0
motorised,Mityana,Central,84649.53879778687,0.0,1,0.0,0.0011621205280499425,0.0
motorised,Mpigi,Central,66229.74582557904,0.0,1,0.0,0.005994023577082842,0.0
motorised,Nakasongola,Central,52563.19109257422,0.0,1,0.0,0.020172540327511927,0.0
motorised,Namisindwa,Eastern,52789.2623468312,0.0,1,0.0,0.002014671484804367,0.0
motorised,Namutumba,Eastern,72547.45756194601,0.0,1,0.0,0.0025006056598369966,0.0
motorised,Nebbi,Northern,72143.07373939487,0.0,1,0.0,0.0009441822807132473,0.0
motorised,Ntungamo,Western,144018.52616649162,0.0,1,0.0,0.0,0.0
motorised,Obongi,Northern,9156.514166112436,0.0,1,0.0,0.0024456411487474216,0.0
motorised,Omoro,Northern,51926.96540040141,0.0,1,0.0,0.005494601275233889,0.0
motorised,Otuke,Northern,36513.54195658462,0.0,1,0.0,0.07584990151306727,0.0
motorised,Oyam,Northern,113954.69574002537,0.0,1,0.0,0.0,0.0
motorised,Pakwach,Northern,47301.8793159653,0.0,1,0.0,0.1637290448077467,0.0
motorised,Rakai,Central,76578.47602242703,0.0,1,0.0,0.007236643553161935,0.0
motorised,Rubanda,Western,56405.305527395176,0.0,1,0.0,0.0,0.0
motorised,Rukiga,Western,29179.94023170015,0.0,1,0.0,0.0,0.0
motorised,Rwampara,Western,36624.33337903273,0.0,1,0.0,0.0,0.0
motorised,Sheema,Western,56981.13246369931,0.0,1,0.0,0.0,0.0
motorised,Soroti,Eastern,93958.26570767027,0.0,1,0.0,6.776913922692583e-06,0.0
motorised,Ssembabule,Central,72667.05585420922,0.0,1,0.0,0.001896785541034096,0.0
motorised,Tororo,Eastern,145509.12534418673,0.0,1,0.0,0.0,0.0
motorised,Yumbe,Northern,172303.27529871586,0.0,1,0.0,0.002994563208175538,0.0
motorised,Zombo,Northern,69599.37893292557,0.0,1,0.0,0.0007297172860003137,0.0
walking,Buvuma,Central,34437.64398631493,0.9460780983662557,1,0.9460780983662557,0.9460780983662557,0.0
walking,Pader,Northern,53979.54592562944,0.8471706029980874,8,0.8832163959756416,0.9304054279687868,1945.7355374576166
walking,Kiruhura,Western,49177.92182828175,0.8687205248749974,4,0.8803202618266615,0.911069596906984,570.450957037566
walking,Madi Okollo,Northern,43610.532605509245,0.8607937897846545,8,0.878445050703469,0.9210553730083609,769.780889828312
walking,Agago,Northern,66872.70878200544,0.8605214806159683,8,0.8756732469362906,0.9012675489447584,1013.2396566719063
walking,Amuru,Northern,56125.701301581124,0.8561477305591426,8,0.866628522999731,0.8870926836659405,588.2418259243349
walking,Kiryandongo,Western,78161.23084257465,0.8533174897299681,9,0.8597816819037486,0.8817433683646715,505.2492167056197
walking,Kapelebyong,Eastern,27628.480220294594,0.8339167959925923,8,0.8526285576949656,0.8885509488338282,516.9775380808871
walking,Napak,Northern,46734.53769712375,0.8274163761039989,4,0.8463299524003318,0.8965137876793646,883.9172444083982
walking,Kyegegwa,Western,105914.26121427095,0.8237182803517421,4,0.8453457172488296,0.9063992916926226,2290.6540009132827
walking,Otuke,Northern,36513.54195658462,0.8278689423880271,7,0.8449294656151048,0.878716406220661,622.9401306531894
walking,Kamwenge,Western,90182.64263947522,0.8228497426385771,10,0.8444286396987423,0.8959817485940038,1946.041962130895
walking,Kazo,Western,52119.80815025524,0.7990688928238365,4,0.8208916150340811,0.88568158381662,1137.3960949142634
walking,Gomba,Central,38327.964288213814,0.7977370127688409,4,0.8208200753623309,0.8892416021116246,884.7267987458897
walking,Buyende,Eastern,97170.17829922494,0.796774828171955,4,0.8146618887042861,0.8542974468285239,1738.0888611756457
walking,Dokolo,Northern,51489.10447371212,0.7750557145460145,9,0.8122630873378962,0.8716102357591285,1915.77430487355
walking,Alebtong,Northern,64436.139012880565,0.7724922066190165,8,0.8115834556772502,0.8782039401675734,2518.8891585034826
walking,Kikuube,Western,81409.20706037083,0.7963529140486082,10,0.8112166241908306,0.8527879653583337,1210.0428566535197
walking,Ssembabule,Central,72667.05585420922,0.7748496364240017,4,0.8015961674183495,0.8644588118641771,1943.5916616726067
walking,Lamwo,Northern,35796.11126869258,0.786205569200228,7,0.7952460692194713,0.8315058334760649,323.61474461344983
walking,Amuria,Eastern,54592.6305546783,0.754815905624741,8,0.7902375092877724,0.8505544203766566,1933.7585224301113
walking,Nwoya,Northern,61856.95608699467,0.7687572832266103,8,0.7861970106429775,0.826561006138023,1078.768452963385
walking,Abim,Northern,40977.922198849985,0.7426495943636567,8,0.7733880344902638,0.829873706395037,1259.5974080221138
walking,Mubende,Central,131063.66356127326,0.7537707141794725,4,0.7731340731318657,0.8209202695753685,2537.832763152626
walking,Amudat,Northern,33792.79261737055,0.748975843255254,4,0.7668072920233805,0.8077731419741055,602.5744502885657
walking,Rakai,Central,76578.47602242703,0.711539120493674,4,0.763027118390722,0.8435228353338656,3942.8724124018677
walking,Kyenjojo,Western,124009.35527229401,0.7391402754829297,10,0.7619215169348668,0.8382725011669636,2825.087064757173
walking,Kagadi,Western,119126.7468156555,0.7383576439098585,4,0.7610727267614699,0.822034294242316,2705.973923760548
walking,Omoro,Northern,51926.96540040141,0.7329980439315535,8,0.7584904308625492,0.7978898430616429,1323.7422941394561
walking,Kibaale,Western,44467.67240873285,0.715463146429504,4,0.7576406483740808,0.8651865944896499,1875.5353394901342
walking,Katakwi,Eastern,49880.60947887881,0.7428493181551348,8,0.7565757585985533,0.7815580729793316,684.6832152932478
walking,Nakapiripirit,Northern,35337.83374761297,0.7098327502161988,4,0.751421687449049,0.8506764943879288,1469.6629496743703
walking,Kwania,Northern,52884.58692323491,0.7163761691031615,9,0.7503346505917597,0.8320341700189212,1795.880266064838
walking,Kakumiro,Western,96737.43435996397,0.7087964350023142,4,0.7445250000673915,0.8454156110212381,3456.2897177586246
walking,Buliisa,Western,39272.597233404216,0.7349829553204762,10,0.7419227115637731,0.7681903912805064,272.54225184100153
walking,Kole,Northern,72769.29837401089,0.6930301104479029,8,0.7416240872218466,0.840762856423305,3536.149595042866
walking,Kyankwanzi,Central,65429.304528255234,0.7155124603191243,4,0.739779355450255,0.803890486983857,1587.766071489983
walking,Oyam,Northern,113954.69574002537,0.6849595288573312,8,0.7320731760727379,0.8348485391730017,5368.821333634562
walking,Kalangala,Central,17521.630468993888,0.7048446645062453,4,0.731210767430012,0.7550230499067073,461.9771123377
walking,Apac,Northern,54684.77694121497,0.70346950964183,9,0.729811494090334,0.7990464496294272,1440.5055437553947
walking,Kotido,Northern,57733.657089054184,0.6924451024805869,7,0.71897087599882,0.791523136942047,1531.4299123235871
walking,Kaliro,Eastern,66978.38250951373,0.6522755239536405,4,0.7105035805767239,0.8043206572988336,3900.0210492865035
walking,Serere,Eastern,86814.19865507184,0.6653175278264201,5,0.7103925680611113,0.7982904998542164,3913.15349731984
walking,Namayingo,Eastern,66486.05468152292,0.670468737589446,4,0.7081603116662871,0.7710253293885367,2505.9640551055286
walking,Nabilatuk,Northern,25086.108484706252,0.6635950933798532,4,0.694448200826466,0.763299338766722,773.9844004960254
walking,Nakasongola,Central,52563.19109257422,0.6715949602179462,4,0.689009533970752,0.7331712610765316,915.3655679644619
walking,Rubirizi,Western,37273.57637912639,0.6541653185994756,10,0.6843015719100465,0.7535405533603575,1123.285939552265
walking,Namutumba,Eastern,72547.45756194601,0.6390028162054615,4,0.6840154313826818,0.768943478303503,3265.5507893215986
walking,Karenga,Northern,12779.635467912389,0.6621834390187027,7,0.68207939922262,0.7342202412264069,254.26311869015444
walking,Kassanda,Central,78874.76082821148,0.656078078264318,4,0.6794237385456757,0.7658456982290972,1841.3833710687697
walking,Pakwach,Northern,47301.8793159653,0.6471770706537316,9,0.6572093702283901,0.7208950345685553,474.5466237421042
walking,Lyantonde,Central,28123.96098748893,0.6299544150268961,4,0.6470633130401243,0.6882542936939038,481.1699802629577
walking,Kaabong,Northern,30493.699989828536,0.6323612470552215,4,0.6457851295113834,0.7132009521199805,409.3438443169265
walking,Kalaki,Eastern,34123.471708684694,0.5889625076900321,8,0.6436705949347242,0.7417899689328802,1866.8298673305053
walking,Kitgum,Northern,58508.6775386964,0.6292351224235008,7,0.6383669747200471,0.6718917140596127,534.292601349634
walking,Bukomansimbi,Central,35178.7498878476,0.5787712160328131,4,0.6351041546212147,0.7695685049481744,1981.7223570488588
walking,Amolatar,Northern,43742.850472689795,0.5760628937649621,9,0.6129635696023252,0.7117422068527024,1614.1407454949722
walking,Ntoroko,Western,19575.628754957892,0.6043935346155913,4,0.606267419522404,0.6166875851557049,36.682475265284836
walking,Moroto,Northern,35001.685354601075,0.5870301243606557,4,0.6013947395152495,0.6340666165148044,502.78573988102477
walking,Masindi,Western,85226.20931139581,0.5782579859493782,10,0.59430504413614,0.659017242433562,1367.6299398571164
walking,Moyo,Northern,22207.785810254685,0.541775995084783,8,0.5670602343197935,0.66034299243292,561.5069693063497
walking,Zombo,Northern,69599.37893292557,0.5460075050203956,9,0.5665147095935077,0.6172793776945845,1427.2887019390503
walking,Adjumani,Northern,65029.776044936974,0.5360514730245688,8,0.5606579061776946,0.6415803104617708,1600.150837212485
walking,Kyotera,Central,63757.84647353486,0.5268569319448855,4,0.5551445745756737,0.6128848754901995,1803.559175952014
walking,Mpigi,Central,66229.74582557904,0.5001846059223236,4,0.5507238187734069,0.6397088795905305,3347.1992213520857
walking,Pallisa,Eastern,76988.79873416912,0.47319207719240114,4,0.5382711706504084,0.6628582552251906,5010.361228040704
walking,Kitagwenda,Western,46318.43300731783,0.47642654001719204,4,0.527010796231583,0.6594092509278993,2342.9834826912675
walking,Kayunga,Central,97612.3179211369,0.4902654292661936,4,0.5264164319889246,0.5983145213626703,3528.783170939107
walking,Yumbe,Northern,172303.27529871586,0.5011300455586691,10,0.5263015290675555,0.6062824494384926,4337.129052708725
walking,Butambala,Central,23031.956532860044,0.45367568433440064,4,0.5189681470027162,0.6310527815681113,1503.8131621000311
walking,Kamuli,Eastern,129320.0606724982,0.4590999963727136,4,0.5147172536313439,0.595193153816182,7192.427083124014
walking,Kiboga,Central,39491.29458064394,0.48583455945581494,4,0.5069578258057218,0.5588640257020554,834.185133929575
walking,Bukedea,Eastern,58239.82299714524,0.4462459672157196,4,0.500717861945618,0.6194566725549306,3172.4335073884104
walking,Ngora,Eastern,40403.63174113851,0.4438581978416582,5,0.49294500575542144,0.6029275764565248,1983.2853102956935
walking,Buhweju,Western,33925.27130584435,0.4604486645415689,4,0.4870472912843393,0.5907507859560234,902.3656286113733
walking,Soroti,Eastern,93958.26570767027,0.44365741259541913,5,0.47658062390985445,0.5409717988712769,3093.40783663149
walking,Obongi,Northern,9156.514166112436,0.45147129892813176,8,0.47357026130635027,0.5486664784132578,202.3494620725436
walking,Koboko,Northern,70059.10940816143,0.4435387122803831,10,0.4658985556602743,0.5071473611856774,1566.510713701153
walking,Luwero,Central,124018.44611506043,0.4379805049514059,4,0.4654414213799155,0.5465255365090481,3405.660184359298
walking,Bugiri,Eastern,114329.17117728587,0.40938607661952997,4,0.46463099078087966,0.5534035712226548,6316.105247827413
walking,Hoima,Western,100042.82484562803,0.4431636461171964,4,0.46230127193171655,0.5334285565763491,1914.5821473232102
walking,Kaberamaido,Eastern,30386.58262965433,0.4288864997008077,9,0.45830399121190124,0.5566887536706547,893.897036558998
walking,Nakaseke,Central,53182.967523619016,0.41959891885589734,4,0.45677868083070994,0.5611830809223836,1977.3300736423437
walking,Mayuge,Eastern,137142.11294410008,0.36851603457541865,4,0.44979751497137577,0.5961824372607893,11147.113964726008
walking,Luuka,Eastern,63019.442731218274,0.36723368776779475,4,0.44774789531658504,0.5928184090945815,5073.960491670412
walking,Isingiro,Western,153802.42906553022,0.377142602492405,4,0.42014868738278777,0.5482460792075659,6614.440320739266
walking,Ntungamo,Western,144018.52616649162,0.37688767294713166,4,0.40839181655915346,0.5551180802162533,4537.180331140872
walking,Busia,Eastern,92619.628010743,0.3398285583123914,4,0.3991571856587444,0.4634023649986806,5494.995395207212
walking,Nebbi,Northern,72143.07373939487,0.36916465961143224,9,0.39849548523961476,0.5118416861670332,2116.0159161313036
walking,Kumi,Eastern,76903.68939965761,0.3285911069736083,5,0.39190591008309794,0.4918813391055724,4869.141952732665
walking,Bunyangabu,Western,46282.294856226836,0.33325676263513837,10,0.3747491843675079,0.48965164754909757,1920.364496916442
walking,Kasese,Western,206670.65168716386,0.34694314851733365,4,0.36954297230117844,0.4439380701191498,4670.720309422267
walking,Ibanda,Western,69810.47915406563,0.3071990928077703,4,0.35567588073977907,0.4917259345180369,3384.1877933835585
walking,Kanungu,Western,71017.65033686846,0.30621239195753047,4,0.34046767123756927,0.5070575583379267,2432.729446101571
walking,Budaka,Eastern,61698.418826058085,0.24388365420983307,4,0.33807565923035854,0.4989031976398101,5811.497775822546
walking,Mityana,Central,84649.53879778687,0.2971983418967669,4,0.3379128452992235,0.440498494383991,3446.4639353988737
walking,Bulambuli,Eastern,55047.612986227236,0.278728246445119,5,0.3348274827366477,0.4499528858254703,3088.129048198985
walking,Lwengo,Central,70707.91175508952,0.2920368338942301,4,0.3323700693032492,0.44584032403965607,2851.878850098176
walking,Kabarole,Western,85716.68493763384,0.30660760036209117,4,0.32907066803452656,0.3889612300033534,1925.459694410892
walking,Arua,Northern,207016.2426183614,0.29332936775355095,10,0.3159846035137632,0.3737491544559679,4690.001782712271
walking,Mbarara,Western,110011.44746777906,0.2935194682267675,4,0.3110370219340069,0.3927057327659177,1927.1314394279652
walking,Kween,Eastern,25995.238044554477,0.27494368776057365,5,0.311030677898623,0.4187631430165638,938.0898989500823
walking,Lira,Northern,123078.89478441724,0.2655299213520692,8,0.29986686241630556,0.3882278003973306,4226.152756463881
walking,Mitooma,Western,50486.67273569673,0.2592530047722233,4,0.28740187549518664,0.429640848364105,1421.1428240696855
walking,Bugweri,Eastern,47780.156947389936,0.22439809110488004,4,0.2843704353569376,0.40819886535341005,2865.48802086621
walking,Kibuku,Eastern,58196.894792785526,0.17778483813854087,4,0.2710701689245066,0.43996100099009516,5428.916581461043
walking,Butaleja,Eastern,71516.39174153219,0.23091241728030143,4,0.2660455083745467,0.3884986684269231,2512.5919057869814
walking,Gulu,Northern,86076.94270619628,0.24633465695405152,8,0.26418907625082194,0.2920313022997142,1536.853826860513
walking,Tororo,Eastern,145509.12534418673,0.15720723265917566,4,0.2633512167381701,0.4101469302710004,15444.91828388176
walking,Maracha,Northern,56290.35783606368,0.19735495646227993,10,0.2539944589393082,0.39260657437199475,3188.2578620885374
walking,Bukwo,Eastern,27597.958438118323,0.1957495513235861,5,0.25164750433727634,0.35628548640529106,1542.6693840477142
walking,Mukono,Central,179462.6997544881,0.21324801608518668,4,0.24426029911382585,0.3247437498932119,5565.548037869879
walking,Masaka,Central,89607.65226767556,0.19841585273131834,4,0.2396110381022878,0.30128608362720943,3691.403845824265
walking,Rwampara,Western,36624.33337903273,0.14497693314237642,4,0.22903743896979525,0.5063467303109803,3078.659989433511
walking,Rubanda,Western,56405.305527395176,0.16536934099752676,4,0.20495169211920838,0.3226443528644088,2232.6546085110854
walking,Kalungu,Central,44552.484029228566,0.14367710390715532,4,0.202359359043757,0.35856474392638843,2614.440234772562
walking,Bududa,Eastern,59780.41708248433,0.17594870745808563,4,0.19092923313150703,0.24044616349235967,895.5420728719955
walking,Iganga,Eastern,98626.38807652076,0.1390821808640778,4,0.1797358010289205,0.25070169720516766,4009.5197190932454
walking,Buikwe,Central,121233.25603535924,0.1271189449641299,4,0.16627285029110508,0.2409633755108628,4746.755429289399
walking,Namisindwa,Eastern,52789.2623468312,0.1074696558333023,5,0.15853265971235483,0.27398734035969197,2695.5783079885637
walking,Rukiga,Western,29179.94023170015,0.09865002592227326,4,0.15124534571240494,0.40369738833370344,1534.7282879431987
walking,Rukungiri,Western,88806.11863987027,0.11194049867945234,4,0.14678668685802002,0.30597630022915634,3094.5547215331258
walking,Bundibugyo,Western,69067.09263127993,0.12997960491495505,4,0.1461731014663796,0.2494046026855833,1118.4377263415513
walking,Sironko,Eastern,65459.9906436047,0.10685201810673961,5,0.14583086989304125,0.27128584304963427,2551.55527322976
walking,Jinja,Eastern,131625.63454828953,0.12661732516114607,4,0.14079834410844047,0.19307418330370754,1866.5856174789421
walking,Butebo,Eastern,31727.735044722573,0.05831279225562955,4,0.10191561104383735,0.19078854679860274,1383.4186817153086
walking,Kapchorwa,Eastern,31232.87731193216,0.08232737126187498,5,0.09750011428689731,0.12209960964583233,473.888421385997
walking,Kisoro,Western,80224.47154364896,0.06634662277367627,4,0.09149784911552683,0.18460219380143572,2017.7438419496646
walking,Wakiso,Central,852331.4299803954,0.07925811880493369,4,0.08876991673404241,0.123385006146578,8107.204330601801
walking,Bushenyi,Western,65435.79997204167,0.06362059622983046,10,0.08045534205353799,0.1638068803135942,1101.5950603002898
walking,Kabale,Western,65459.370348329074,0.03844889548604689,4,0.07481069964706938,0.19341459102637085,2380.2208051097846
walking,Sheema,Western,56981.13246369931,0.029219173249086374,4,0.04293784962934609,0.16109000203938603,781.7057160502018
walking,Mbale,Eastern,154393.3729515216,0.004522088021096206,5,0.020379107297360265,0.08848302709496383,2448.2186910197042
walking,Manafwa,Eastern,42165.21477391439,0.008457591479824573,4,0.018464156164815008,0.05266245546995638,421.9289490916887
walking,Kampala,Central,558271.6049830529,0.0,1,0.0,0.0,0.0
