mode,destination,threshold_h,quintile,population,dry,april,august,wet_day
motorised,hospital,1,1,8903344.275143668,0.2335934688958313,0.3214922291752663,0.30353731051807453,0.5202430754240464
motorised,hospital,1,2,8903791.563944355,0.16168293431798106,0.23419309622533685,0.21200124773431225,0.41347267713524094
motorised,hospital,1,3,8904227.36086449,0.10176391371031271,0.15556368837224072,0.1362682685107103,0.30813914127143044
motorised,hospital,1,4,8903519.95183903,0.05887605210107867,0.09099601907806337,0.07633788246830289,0.1782010145381681
motorised,hospital,1,5,8904063.952822924,0.007689340589927981,0.009997208912065856,0.008327431454703778,0.018197037049830774
motorised,any_facility,1,1,8903344.275143668,0.008623160100105743,0.012259318241942898,0.011907986340674394,0.04484047287545927
motorised,any_facility,1,2,8903791.563944355,0.002554118504213684,0.0038986668606497484,0.0038754351517591274,0.01809298030222966
motorised,any_facility,1,3,8904227.36086449,0.0013497682552830598,0.0021557444922225633,0.0019374158426161705,0.008326976400649453
motorised,any_facility,1,4,8903519.95183903,0.0019405472726750183,0.0022270300328766876,0.0021294526749825746,0.0059360235584076096
motorised,any_facility,1,5,8904063.952822924,0.0,0.0,0.0,5.6718293815665606e-05
motorised,hc_iv_or_hospital,2,1,8903344.275143668,0.006514518883255124,0.00992459342599182,0.009760441264962416,0.059003357790389586
motorised,hc_iv_or_hospital,2,2,8903791.563944355,0.0034957994769245554,0.00433850963438634,0.004103636115976828,0.027422357390388633
motorised,hc_iv_or_hospital,2,3,8904227.36086449,0.0035214180153843385,0.0038544316694963214,0.003779083862963444,0.017582654772234273
motorised,hc_iv_or_hospital,2,4,8903519.95183903,0.0027929803502886705,0.003478113993800305,0.0030619828403592115,0.010259890226671746
motorised,hc_iv_or_hospital,2,5,8904063.952822924,0.0,1.530016614421585e-05,0.0,0.0013879632024459778
motorised,market,1,1,8903344.275143668,0.29643064211610787,0.3701749511588688,0.3519272829672771,0.5500602773936173
motorised,market,1,2,8903791.563944355,0.2138352907303711,0.27827065264840345,0.25459669440413407,0.42861751335306064
motorised,market,1,3,8904227.36086449,0.14679235904877824,0.2002220119845059,0.17890269647716642,0.33090379694950633
motorised,market,1,4,8903519.95183903,0.08750642724886021,0.11227521417943075,0.10015227155640626,0.19861205340613028
motorised,market,1,5,8904063.952822924,0.020045575965853747,0.02253805711097152,0.021961032989469463,0.03217297266729325
motorised,secondary_school,1,1,8903344.275143668,0.024785961584798587,0.03334487827589818,0.03292803752526368,0.10518300631697299
motorised,secondary_school,1,2,8903791.563944355,0.01208395919676425,0.016009200502529,0.015817490386283918,0.05081602730183054
motorised,secondary_school,1,3,8904227.36086449,0.006777909077988882,0.008455533968290133,0.008324847566082887,0.027532845731164376
motorised,secondary_school,1,4,8903519.95183903,0.004847145472787502,0.005754970016211145,0.005578045201780336,0.014333724667222048
motorised,secondary_school,1,5,8904063.952822924,0.00037094576731537586,0.00037094576731537586,0.00037094576731537586,0.00207708119534109
walking,hospital,1,1,8903344.275143668,0.967771705477038,0.9733732543558093,0.9724355788220631,0.9829428055835345
walking,hospital,1,2,8903791.563944355,0.9452422048169339,0.9537131614330586,0.9515773343483441,0.9675767150292407
walking,hospital,1,3,8904227.36086449,0.925886622902569,0.9366194562566864,0.9330811466981117,0.9511684729326052
walking,hospital,1,4,8903519.95183903,0.8387076576380671,0.8514235002024618,0.8470126279890275,0.8740626803035856
walking,hospital,1,5,8904063.952822924,0.39396198766428675,0.4041659824292173,0.4007164889688476,0.4230426474167169
walking,any_facility,1,1,8903344.275143668,0.30131363073824075,0.36212277470887244,0.35090435640069595,0.5209096918913961
walking,any_facility,1,2,8903791.563944355,0.20191395826164,0.2511527681431142,0.2380407959083274,0.3926561608819176
walking,any_facility,1,3,8904227.36086449,0.13960328459883742,0.1750138282309906,0.16549721263222653,0.28762045589036345
walking,any_facility,1,4,8903519.95183903,0.08336909869174353,0.10750954897979956,0.09928622793458511,0.18591649498016036
walking,any_facility,1,5,8904063.952822924,0.008015428394691769,0.010495563390346683,0.009320752520040974,0.018197085789184116
walking,hc_iv_or_hospital,2,1,8903344.275143668,0.6510267985375294,0.6855697514032276,0.6750300476655575,0.7774146266861233
walking,hc_iv_or_hospital,2,2,8903791.563944355,0.537467888809957,0.5754015169432469,0.5600542641546117,0.6813327322328931
walking,hc_iv_or_hospital,2,3,8904227.36086449,0.4544472455348669,0.4957790145894744,0.4774228224892267,0.5978395567997032
walking,hc_iv_or_hospital,2,4,8903519.95183903,0.31708490959908225,0.34728451623643536,0.3327512817087438,0.4322193991642174
walking,hc_iv_or_hospital,2,5,8904063.952822924,0.05816027637119659,0.06503482338371877,0.06084752775979984,0.0857485428574135
walking,market,1,1,8903344.275143668,0.9244628428163338,0.931400857218453,0.9302968137722314,0.9469581450948398
walking,market,1,2,8903791.563944355,0.9012593171051747,0.9106817771918093,0.9093162832601063,0.9312501350225286
walking,market,1,3,8904227.36086449,0.863515227864749,0.8746170064024928,0.8719923171542723,0.8946016678175521
walking,market,1,4,8903519.95183903,0.7780412677595339,0.7900099073597332,0.7865457867092435,0.8108171922132781
walking,market,1,5,8904063.952822924,0.25352552665415284,0.2578562156499254,0.25482275925035736,0.2680706021489893
walking,secondary_school,1,1,8903344.275143668,0.5037196666604071,0.5558927136294884,0.5432929461582889,0.6712633818110413
walking,secondary_school,1,2,8903791.563944355,0.3431915673175371,0.3906474406776982,0.37522882604129404,0.5056590684245372
walking,secondary_school,1,3,8904227.36086449,0.2522464368334886,0.29321427489458995,0.28043584918725534,0.3977941161031113
walking,secondary_school,1,4,8903519.95183903,0.14080660261135536,0.16574035138375356,0.15692462889750175,0.23055495487066727
walking,secondary_school,1,5,8904063.952822924,0.011101639669780939,0.013046571866926213,0.012500704909783548,0.016993978026325667
