target,scenario,period,group,mean_hours,share_over_1h,share_over_2h
hospital,dry day,,everyone,0.5083364831667597,0.1310139361748784,0.01412592758194241
hospital,dry day,,women 15-49,0.49737125302648016,0.12909609693331825,0.01460683597008664
hospital,dry day,,children under 5,0.5240848737409223,0.13587510420283821,0.013239431147093481
hospital,wet day,,everyone,0.8356872570078082,0.30499803099319905,0.09197938059189734
hospital,wet day,,women 15-49,0.8171920789628987,0.2966273250158639,0.09108577406924276
hospital,wet day,,children under 5,0.8618479507961573,0.319815774584949,0.09358310151969818
hospital,1,early,everyone,0.5159409519015917,0.13567056700134164,0.014722624465840694
hospital,1,early,women 15-49,0.504706763163687,0.13351645013766975,0.01520285893377237
hospital,1,early,children under 5,0.5318981321159627,0.14085664676393564,0.013832558953439099
hospital,2,early,everyone,0.5192326195388984,0.13789815049307297,0.014988933177006197
hospital,2,early,women 15-49,0.5078860036573987,0.13563354183498116,0.015474907726161396
hospital,2,early,children under 5,0.5354042324194427,0.1432885998489887,0.014082974656767519
hospital,3,early,everyone,0.545594976099807,0.1561850116391944,0.017622016331055913
hospital,3,early,women 15-49,0.5334075173761373,0.15308205841512937,0.018139639099777314
hospital,3,early,children under 5,0.5628670022330466,0.16299060496030818,0.016664046164633347
hospital,4,early,everyone,0.5853269742991131,0.1821594779769681,0.02338014234104506
hospital,4,early,women 15-49,0.5719930782163258,0.17795318661305565,0.023970956593059714
hospital,4,early,children under 5,0.6043388420789361,0.19078070125905314,0.022335509454817184
hospital,5,early,everyone,0.571397217674323,0.17205449647378462,0.022375155319058794
hospital,5,early,women 15-49,0.5587093008850641,0.16833341801051735,0.023024684949397186
hospital,5,early,children under 5,0.5895088995663961,0.17997431861676816,0.021203207383583427
hospital,6,early,everyone,0.5452714403923701,0.15364947629841327,0.019496939983365442
hospital,6,early,women 15-49,0.5337890882246771,0.15097874647761944,0.020149547698078307
hospital,6,early,children under 5,0.562121914452878,0.1601515325500891,0.018319772049113146
hospital,7,early,everyone,0.5478530695014585,0.15494201494307208,0.020873614182692173
hospital,7,early,women 15-49,0.5365331659547131,0.15233266870750853,0.0215956419041434
hospital,7,early,children under 5,0.5646149471384467,0.1614004922665065,0.019624104637444444
hospital,8,early,everyone,0.5622145496035998,0.1663453702282526,0.021972213227047104
hospital,8,early,women 15-49,0.5502490973751407,0.163126311042024,0.022669027217270286
hospital,8,early,children under 5,0.5799397352609419,0.17383597294435943,0.020783506145873456
hospital,9,early,everyone,0.5578324245361997,0.16516386105074962,0.01972844098425111
hospital,9,early,women 15-49,0.5457130655970375,0.16191418956629708,0.020304316631674486
hospital,9,early,children under 5,0.5755576447666703,0.17254988022833992,0.0186996677788059
hospital,10,early,everyone,0.5687976530887896,0.1722788467101016,0.02079709655165826
hospital,10,early,women 15-49,0.5561587285524079,0.16864666355770172,0.021353281738283898
hospital,10,early,children under 5,0.5869209522591531,0.18004217891253896,0.019787862330827327
hospital,11,early,everyone,0.5595127184947835,0.16650226884204591,0.01898257144906073
hospital,11,early,women 15-49,0.5468291329004026,0.16295196867407022,0.019477256393928843
hospital,11,early,children under 5,0.5773363467620131,0.17386293258072788,0.018056764263100412
hospital,12,early,everyone,0.5294716557831904,0.14608229080171387,0.015739190095005254
hospital,12,early,women 15-49,0.5178324033985601,0.14351389332653414,0.01621563591018782
hospital,12,early,children under 5,0.545727077508647,0.1517888842722101,0.01484060791740329
hospital,1,late,everyone,0.5172324420356211,0.13625153019922442,0.014870645148532492
hospital,1,late,women 15-49,0.5059552718103161,0.13406707218992742,0.015358132429658484
hospital,1,late,children under 5,0.5333312713551337,0.14154676976133052,0.013973880733301925
hospital,2,late,everyone,0.5220070478755058,0.13938215407615837,0.015127048047438434
hospital,2,late,women 15-49,0.5105724611489858,0.1370716381934228,0.01561495002749738
hospital,2,late,children under 5,0.5383549638496913,0.14492839996959384,0.014218358048892116
hospital,3,late,everyone,0.5486387543774905,0.1578794712935818,0.01826470312613849
hospital,3,late,women 15-49,0.5364338802094127,0.15472446561619943,0.018818816813699284
hospital,3,late,children under 5,0.5658419832153216,0.16470253759594414,0.0172296016173341
hospital,4,late,everyone,0.5854283107150421,0.18079931071530392,0.023839402204240197
hospital,4,late,women 15-49,0.5721243245746571,0.17660917702587314,0.024472252352724357
hospital,4,late,children under 5,0.6042207383786714,0.18933901334371486,0.022705483162501476
hospital,5,late,everyone,0.5696934637385174,0.17010375383492496,0.022271965633173168
hospital,5,late,women 15-49,0.5570342267298386,0.16646156012185526,0.02293463770296773
hospital,5,late,children under 5,0.5879543617179435,0.17806121618630721,0.021090502634859894
hospital,6,late,everyone,0.5478925137514833,0.15573129225175283,0.019644092598848972
hospital,6,late,women 15-49,0.5361702844709233,0.15288188747266332,0.02028984830347282
hospital,6,late,children under 5,0.5650650640401979,0.162471539536211,0.018480846935746045
hospital,7,late,everyone,0.5457283455849067,0.15275272005022536,0.020564068428981515
hospital,7,late,women 15-49,0.5343615829147066,0.15013087923515223,0.021278779726655726
hospital,7,late,children under 5,0.5624790453480534,0.1591749577509469,0.019304911351590952
hospital,8,late,everyone,0.5632607827909398,0.1658294544509554,0.022103482754956057
hospital,8,late,women 15-49,0.5512838605630315,0.16263721318502344,0.022813255227390607
hospital,8,late,children under 5,0.5808786096772808,0.17323268466010638,0.020876659701845695
hospital,9,late,everyone,0.5613065259312586,0.1669531260388687,0.020175211168233544
hospital,9,late,women 15-49,0.5489049558861782,0.16348185858623498,0.020768072433786415
hospital,9,late,children under 5,0.5793458446385314,0.17468683909821475,0.019080779826544988
hospital,10,late,everyone,0.5737111744425643,0.17364668748065792,0.022509892771207178
hospital,10,late,women 15-49,0.5611819896450013,0.1700595644072717,0.023169445438159842
hospital,10,late,children under 5,0.5918816156909957,0.18155023206036336,0.0213706464728766
hospital,11,late,everyone,0.5596790791150831,0.16475161181859246,0.01954786159440084
hospital,11,late,women 15-49,0.5471347144679439,0.16134074947430666,0.020080837325210592
hospital,11,late,children under 5,0.5775508202428536,0.17210575937881525,0.018602949699867904
hospital,12,late,everyone,0.5362982195960913,0.15026035063558432,0.01650624596649677
hospital,12,late,women 15-49,0.5244644456857135,0.14750245855564528,0.017007278943871197
hospital,12,late,children under 5,0.5529556167698332,0.15639850093675917,0.015576190251478024
HC IV or hospital,dry day,,everyone,0.332957701275599,0.04308011528485674,0.008459862244607739
HC IV or hospital,dry day,,women 15-49,0.3269377449944318,0.043506487448908275,0.008749795901705892
HC IV or hospital,dry day,,children under 5,0.3413766881469191,0.04251657312603587,0.008007208863679406
HC IV or hospital,wet day,,everyone,0.5978079416709207,0.18390152990819078,0.03841871394178477
HC IV or hospital,wet day,,women 15-49,0.5862199550485542,0.17988294214348877,0.03897024997677115
HC IV or hospital,wet day,,children under 5,0.614175403479465,0.19105653801569628,0.037704984741479194
HC IV or hospital,1,early,everyone,0.338954326482485,0.04455288046182295,0.008781577899612633
HC IV or hospital,1,early,women 15-49,0.3327528495337747,0.044936316573000644,0.009071520108523844
HC IV or hospital,1,early,children under 5,0.34750473946648464,0.04402390095784347,0.00831876215827714
HC IV or hospital,2,early,everyone,0.34130785966684013,0.04533489606599542,0.008931773306175068
HC IV or hospital,2,early,women 15-49,0.33502000011757416,0.045707895915158635,0.009222430572508244
HC IV or hospital,2,early,children under 5,0.35002671807035657,0.04482255398927658,0.008464239081851151
HC IV or hospital,3,early,everyone,0.3622120250615724,0.05305010457200051,0.009959702067018987
HC IV or hospital,3,early,women 15-49,0.3553360072945952,0.05323598707136139,0.010258791021144608
HC IV or hospital,3,early,children under 5,0.3717260643989498,0.05285941826801693,0.009457758560589133
HC IV or hospital,4,early,everyone,0.3936866753508866,0.06787904571519754,0.01192761783625194
HC IV or hospital,4,early,women 15-49,0.38597717130485437,0.06771202955497528,0.012245031758730119
HC IV or hospital,4,early,children under 5,0.40449683956435317,0.06838055559860284,0.011379879034571418
HC IV or hospital,5,early,everyone,0.38273796646078323,0.06256292830975985,0.011516453773905783
HC IV or hospital,5,early,women 15-49,0.37548858866226353,0.0626659940816934,0.011846352091758655
HC IV or hospital,5,early,children under 5,0.39291208720272713,0.06262430614038852,0.01093058277661327
HC IV or hospital,6,early,everyone,0.36193516256952707,0.05444336592102319,0.010459232991722994
HC IV or hospital,6,early,women 15-49,0.35555402101527306,0.054878019336619274,0.010787073247260054
HC IV or hospital,6,early,children under 5,0.3711975665689557,0.05403519421714155,0.009903122595219752
HC IV or hospital,7,early,everyone,0.36382887214352316,0.055857883285809116,0.010888848814820272
HC IV or hospital,7,early,women 15-49,0.3575465196755087,0.0563294173306235,0.011229085601709717
HC IV or hospital,7,early,children under 5,0.3730489211649474,0.055450571446247175,0.01030857626851893
HC IV or hospital,8,early,everyone,0.37511578575264315,0.06052914384743909,0.011394749984916635
HC IV or hospital,8,early,women 15-49,0.3683841290322299,0.06081950732762419,0.011731402620395107
HC IV or hospital,8,early,children under 5,0.3850440595133403,0.06049462402807872,0.010830198823713926
HC IV or hospital,9,early,everyone,0.37156302397810675,0.05817890196002654,0.010598311200822559
HC IV or hospital,9,early,women 15-49,0.3647385449154337,0.05841837581329783,0.010913810802887803
HC IV or hospital,9,early,children under 5,0.38146737161990335,0.05813496636841634,0.0100772539336211
HC IV or hospital,10,early,everyone,0.38055257548439547,0.06204939899567025,0.011002446502646148
HC IV or hospital,10,early,women 15-49,0.3733556115738809,0.062133720216735966,0.011310461069464473
HC IV or hospital,10,early,children under 5,0.39072414430636976,0.06216617419640035,0.010489994354842946
HC IV or hospital,11,early,everyone,0.3732729029117372,0.058179032221291144,0.010504663059049704
HC IV or hospital,11,early,women 15-49,0.3660490621161601,0.05822371148768061,0.010793624717879079
HC IV or hospital,11,early,children under 5,0.3831845548527681,0.05817081115472495,0.01001404964621153
HC IV or hospital,12,early,everyone,0.3497281570442511,0.04855308014938054,0.00930819634639801
HC IV or hospital,12,early,women 15-49,0.34325794861853315,0.04885282157326945,0.009604147457066977
HC IV or hospital,12,early,children under 5,0.35848007664695314,0.048119804234086,0.008824415806499347
HC IV or hospital,1,late,everyone,0.33984668765471465,0.044738763596450355,0.008829825922598306
HC IV or hospital,1,late,women 15-49,0.3336142578612059,0.045126308511837666,0.009122916091064503
HC IV or hospital,1,late,children under 5,0.3484913230297611,0.04421243865181422,0.008363391705019773
HC IV or hospital,2,late,everyone,0.343540001108084,0.04573715504402942,0.008990294703806911
HC IV or hospital,2,late,women 15-49,0.33718941139585923,0.04610154332073216,0.009282393042332008
HC IV or hospital,2,late,children under 5,0.3523854979917423,0.04525166973167123,0.008520567515466936
HC IV or hospital,3,late,everyone,0.36457986319210167,0.05408080663476267,0.010166692895941987
HC IV or hospital,3,late,women 15-49,0.3576914957446876,0.05427579616903127,0.010476745518191432
HC IV or hospital,3,late,children under 5,0.37403415141991975,0.053859895669879775,0.0096415477783876
HC IV or hospital,4,late,everyone,0.3936139130111898,0.06696205204588218,0.01209171082709186
HC IV or hospital,4,late,women 15-49,0.38591434197160107,0.06681329323298948,0.012429257613158138
HC IV or hospital,4,late,children under 5,0.4042639294609319,0.06741584618850098,0.011502383128212647
HC IV or hospital,5,late,everyone,0.3811881990380315,0.06132334810649385,0.011538027011106886
HC IV or hospital,5,late,women 15-49,0.37393499297567645,0.06142214791967119,0.011862037818658562
HC IV or hospital,5,late,children under 5,0.39147825838114253,0.06144832636832992,0.0109585070434379
HC IV or hospital,6,late,everyone,0.36405663537844835,0.05506202736909385,0.010545843380814279
HC IV or hospital,6,late,women 15-49,0.357489615540017,0.05543645658863267,0.010866365295578086
HC IV or hospital,6,late,children under 5,0.3735620388114614,0.054734100341437136,0.009993466350440967
HC IV or hospital,7,late,everyone,0.3620367573121126,0.054541637377860545,0.010795086126913383
HC IV or hospital,7,late,women 15-49,0.3557208200305157,0.05500916726271571,0.011133309786611005
HC IV or hospital,7,late,children under 5,0.37124455951535346,0.05409480734480511,0.010210145696500897
HC IV or hospital,8,late,everyone,0.37612311280668964,0.06040337218999086,0.01155872665929186
HC IV or hospital,8,late,women 15-49,0.36936613683069874,0.06070496694611739,0.011897019074155999
HC IV or hospital,8,late,children under 5,0.38599154395682816,0.06031781132598482,0.010980531657570179
HC IV or hospital,9,late,everyone,0.37395559428242925,0.058229358253751626,0.01081932764465734
HC IV or hospital,9,late,women 15-49,0.36691011689551306,0.05837943612601103,0.011133893475706258
HC IV or hospital,9,late,children under 5,0.38407735817865746,0.0582447716625027,0.01028275560984255
HC IV or hospital,10,late,everyone,0.38461567033183586,0.06315687549416542,0.011621482088294144
HC IV or hospital,10,late,women 15-49,0.3774798011745669,0.06330299169369984,0.011950055181030445
HC IV or hospital,10,late,children under 5,0.39483662430029526,0.06327317602275843,0.011061067074644616
HC IV or hospital,11,late,everyone,0.37335488524889704,0.057289512599352145,0.010638973888818622
HC IV or hospital,11,late,women 15-49,0.3662156276360905,0.05739643244306495,0.010935125662893366
HC IV or hospital,11,late,children under 5,0.38331416255839373,0.05728755734991044,0.010138767223321927
HC IV or hospital,12,late,everyone,0.3548877209080724,0.05008248433366164,0.009511449661880078
HC IV or hospital,12,late,women 15-49,0.3482777191207531,0.050345535505264036,0.009813913737579292
HC IV or hospital,12,late,children under 5,0.36393543200684914,0.04972533489094966,0.009014020228843272
any facility,dry day,,everyone,0.13392782276166976,0.013750745960203556,0.003495653287857525
any facility,dry day,,women 15-49,0.13242000460051861,0.014156431279414645,0.0036582878433900437
any facility,dry day,,children under 5,0.13538213174387975,0.013024872049873053,0.0032282389875038795
any facility,wet day,,everyone,0.2595536913022734,0.03448602710673298,0.012091304304145676
any facility,wet day,,women 15-49,0.25597103353794376,0.03483560646549256,0.012486075628985563
any facility,wet day,,children under 5,0.26326484294710434,0.03350824199331286,0.011405477272042351
any facility,1,early,everyone,0.1365413285208525,0.013986343985371205,0.0037441860996223113
any facility,1,early,women 15-49,0.13496670256537455,0.014389773336571316,0.00391036768315251
any facility,1,early,children under 5,0.13801162405019135,0.013254892945628564,0.003467424322028584
any facility,2,early,everyone,0.13760946416816733,0.01413978948240159,0.0038190276976497817
any facility,2,early,women 15-49,0.1359980892540811,0.014545821960843985,0.003986798928650718
any facility,2,early,children under 5,0.139151369586986,0.013405387584961907,0.0035389466749635654
any facility,3,early,everyone,0.14691351281094783,0.015289254576811673,0.004329767680725988
any facility,3,early,women 15-49,0.14508418173038576,0.01569097233127154,0.004509682746051759
any facility,3,early,children under 5,0.14867809693752457,0.014539343641530164,0.004023589727954083
any facility,4,early,everyone,0.161275146167605,0.01727703089929161,0.0051651441609315745
any facility,4,early,women 15-49,0.15910698376591542,0.017681481630915,0.005363479355641771
any facility,4,early,children under 5,0.1634992547263332,0.01650230027996861,0.004824332604275207
any facility,5,early,everyone,0.15645199861457165,0.016807514160850218,0.005028806207985101
any facility,5,early,women 15-49,0.15449856569044068,0.017235770505961513,0.005233687568713571
any facility,5,early,children under 5,0.158418948021191,0.016013601764812396,0.004673766955035232
any facility,6,early,everyone,0.14735534610543288,0.015856332826219843,0.004531650806054252
any facility,6,early,women 15-49,0.14574328926901914,0.016299297666627355,0.004726057073720989
any facility,6,early,children under 5,0.14903981297524865,0.015068016446751918,0.004202906559075913
any facility,7,early,everyone,0.14819919684608843,0.01617138380955614,0.004638755170354298
any facility,7,early,women 15-49,0.1466275073860263,0.01662267429930006,0.004839339733317057
any facility,7,early,children under 5,0.14987651954853726,0.015367403061816637,0.004304761436185357
any facility,8,early,everyone,0.15315849977414098,0.01669047004732324,0.004902034216319032
any facility,8,early,women 15-49,0.15140918100932205,0.017134012188351665,0.0051070422110810745
any facility,8,early,children under 5,0.15510106093091822,0.015904294908784818,0.004561058467915883
any facility,9,early,everyone,0.15127125555944587,0.01608124276499575,0.004615948012966258
any facility,9,early,women 15-49,0.14946470791184108,0.016502804064135124,0.004805475983726943
any facility,9,early,children under 5,0.15321170152630487,0.015321991334228333,0.004301533695859799
any facility,10,early,everyone,0.15541296608406305,0.016536520799193564,0.004865802593291644
any facility,10,early,women 15-49,0.15345524400469013,0.016947423317838366,0.005054325885902439
any facility,10,early,children under 5,0.1574326115542795,0.01577647070275504,0.0045435192168743
any facility,11,early,everyone,0.15189488731308767,0.01591297765671825,0.004654193787076591
any facility,11,early,women 15-49,0.14991293031701258,0.016302820684993103,0.0048324138500885315
any facility,11,early,children under 5,0.15381339272300676,0.015171224232410043,0.004348011157905952
any facility,12,early,everyone,0.14135696454829952,0.014510881547629424,0.0040819476566849675
any facility,12,early,women 15-49,0.13968131317014065,0.01491468096973702,0.0042565540685186734
any facility,12,early,children under 5,0.1428617365052854,0.013769592046479097,0.003789115847826164
any facility,1,late,everyone,0.1369413331569192,0.014044163616394545,0.0037689805380324887
any facility,1,late,women 15-49,0.13535566083954975,0.014450893134627078,0.003937141406381243
any facility,1,late,children under 5,0.1384470636483308,0.013309638433194127,0.003490120622785658
any facility,2,late,everyone,0.1385839796711525,0.01422828024789751,0.003871809699263186
any facility,2,late,women 15-49,0.13694737348607272,0.014633264577331847,0.004040024575075419
any facility,2,late,children under 5,0.1401664565617272,0.013495351490369692,0.003589716544909181
any facility,3,late,everyone,0.1480117987182761,0.015458699003746778,0.0044508453098478324
any facility,3,late,women 15-49,0.14619158817297986,0.015870236342696003,0.0046391088070705305
any facility,3,late,children under 5,0.1497262751394777,0.014691564336933246,0.004129776986252902
any facility,4,late,everyone,0.16139941874067393,0.01732972242970285,0.005309609793141119
any facility,4,late,women 15-49,0.15926536903355043,0.017746055984591128,0.005524156811399286
any facility,4,late,children under 5,0.16350042825545183,0.016521037209676112,0.004940246034634254
any facility,5,late,everyone,0.15578758489052225,0.016738065943310183,0.0050338249519863085
any facility,5,late,women 15-49,0.15382933631727647,0.017163911987397768,0.005240254206560393
any facility,5,late,children under 5,0.15780913440575625,0.015940953284018244,0.00467767025512138
any facility,6,late,everyone,0.14818173341346325,0.015877280150829325,0.004538828859529832
any facility,6,late,women 15-49,0.14649055752778556,0.016311850729913157,0.004729868666961206
any facility,6,late,children under 5,0.149967830453922,0.015095313586918681,0.004215283170861522
any facility,7,late,everyone,0.14741002764963274,0.01608498209311932,0.004613622911318789
any facility,7,late,women 15-49,0.14583034671080852,0.016537821747301635,0.0048144945124530235
any facility,7,late,children under 5,0.14907960301179488,0.015280336641684414,0.004277862075056111
any facility,8,late,everyone,0.1536781787746268,0.016788357415583842,0.005009337764193506
any facility,8,late,women 15-49,0.1519263081580251,0.0172340515211083,0.0052158778534596075
any facility,8,late,children under 5,0.15557401348792296,0.015991931996210778,0.0046632468493311
any facility,9,late,everyone,0.15235260046685983,0.016182042865353248,0.004718160419611875
any facility,9,late,women 15-49,0.1504710235435063,0.016602965648196244,0.0049123099511979235
any facility,9,late,children under 5,0.15435155956312333,0.015406474934839097,0.004393865701012187
any facility,10,late,everyone,0.1573887386031139,0.01697417272000495,0.005155626753281282
any facility,10,late,women 15-49,0.15547336895738884,0.017401927876666008,0.005361951769654612
any facility,10,late,children under 5,0.15937968297277424,0.016179212175872985,0.004805909474803797
any facility,11,late,everyone,0.15195970920154214,0.01599960768779108,0.004728259843048136
any facility,11,late,women 15-49,0.1500226552201255,0.016398633266673908,0.004910063583902281
any facility,11,late,children under 5,0.15387961353415275,0.015253035102080807,0.004417977387771276
any facility,12,late,everyone,0.14355066356676682,0.014755829263632326,0.004168671883601972
any facility,12,late,women 15-49,0.14182615536002308,0.015162120728147016,0.004347413904495784
any facility,12,late,children under 5,0.14514387584980482,0.014008323397988505,0.0038690800179256505
secondary school,dry day,,everyone,0.166607608484767,0.023927671329371937,0.0064305203746598755
secondary school,dry day,,women 15-49,0.1655124453357055,0.024724861485470914,0.0067408647736352635
secondary school,dry day,,children under 5,0.1670202680627822,0.022025693938157034,0.005897746998771023
secondary school,wet day,,everyone,0.3238983274179316,0.06117413195547274,0.022479310109981672
secondary school,wet day,,women 15-49,0.32127007742812663,0.06159210223225863,0.02327009654068043
secondary school,wet day,,children under 5,0.32508997575037335,0.059737250056231456,0.02058886631512744
secondary school,1,early,everyone,0.16968040645127594,0.02430144148875204,0.006744637804441322
secondary school,1,early,women 15-49,0.1685155622981494,0.025090308899889724,0.007060134604552861
secondary school,1,early,children under 5,0.17011188954380507,0.022387531995093874,0.006196520009849476
secondary school,2,early,everyone,0.1711235018840005,0.024575100307109667,0.006893714164975772
secondary school,2,early,women 15-49,0.16992826395813923,0.02536639107469876,0.00721785331896258
secondary school,2,early,children under 5,0.17159677252699687,0.022649293107280616,0.006321333677781978
secondary school,3,early,everyone,0.18251159699073785,0.02632307872318032,0.00795288621290253
secondary school,3,early,women 15-49,0.18110053545068125,0.027098681629485498,0.008319283935243943
secondary school,3,early,children under 5,0.18319042476264652,0.024374874712245927,0.0072605995893452145
secondary school,4,early,everyone,0.20023251907143935,0.029395412598271085,0.010009493766697514
secondary school,4,early,women 15-49,0.19850889688588347,0.030159770235104747,0.01048486461208463
secondary school,4,early,children under 5,0.20130219070000116,0.027441590403738232,0.00901442757209046
secondary school,5,early,everyone,0.19495314398569966,0.02888000004406759,0.010031606862625423
secondary school,5,early,women 15-49,0.19349751965560377,0.029680931872914748,0.01054286813504663
secondary school,5,early,children under 5,0.1956637039001193,0.026895428281412136,0.008943023656889001
secondary school,6,early,everyone,0.18433723845163985,0.02738538931447357,0.009429259540737218
secondary school,6,early,women 15-49,0.18325436539860446,0.028225995734106044,0.009938204917599157
secondary school,6,early,children under 5,0.18470622611140844,0.02539911447645355,0.008360857144659685
secondary school,7,early,everyone,0.18578287148314274,0.028026438240486635,0.009677256680142432
secondary school,7,early,women 15-49,0.18475621085897934,0.028876022585068505,0.01019901290188771
secondary school,7,early,children under 5,0.18610406364943477,0.02601515944085331,0.008576398129511689
secondary school,8,early,everyone,0.1914201334336386,0.028781920554149593,0.009872157948073229
secondary school,8,early,women 15-49,0.1901884823448638,0.029615872647196003,0.010389098451939973
secondary school,8,early,children under 5,0.19208438983569467,0.026801963218290547,0.008788730852614121
secondary school,9,early,everyone,0.18824814777617907,0.02768108370062131,0.008948207817725004
secondary school,9,early,women 15-49,0.18690423726278638,0.028485416671719395,0.009389970286562013
secondary school,9,early,children under 5,0.1890341478253101,0.02573548483840519,0.008065654605654032
secondary school,10,early,everyone,0.19310401798943247,0.02836148331368278,0.009255977245451168
secondary school,10,early,women 15-49,0.19159452784196984,0.029146398371911478,0.009695243804922156
secondary school,10,early,children under 5,0.193983895267578,0.026422166989542587,0.008370617921070196
secondary school,11,early,everyone,0.18823967941515996,0.02717712661642288,0.008300667649127192
secondary school,11,early,women 15-49,0.18666087128126496,0.02793679407455213,0.008658849502673585
secondary school,11,early,children under 5,0.189108638084584,0.02525325856430243,0.0076244147973412325
secondary school,12,early,everyone,0.1753557086649408,0.02507131803373411,0.007221870608992777
secondary school,12,early,women 15-49,0.17408930472361972,0.025857970026019018,0.00754773973605336
secondary school,12,early,children under 5,0.17581827292420577,0.023142389086979756,0.006644262886993912
secondary school,1,late,everyone,0.17018929793373275,0.02436564729982859,0.006788795493707424
secondary school,1,late,women 15-49,0.16901574876015682,0.025157146347329674,0.007108243521656293
secondary school,1,late,children under 5,0.1706488829722857,0.0224472527758095,0.00623309435718554
secondary school,2,late,everyone,0.17226356050524014,0.024659763352152933,0.007004121207921344
secondary school,2,late,women 15-49,0.17104211649971898,0.0254502937274116,0.007330312108865757
secondary school,2,late,children under 5,0.17278466046925064,0.022734536196813118,0.006424922530308896
secondary school,3,late,everyone,0.18401636789592415,0.02658199739114126,0.008560138491641443
secondary school,3,late,women 15-49,0.1826453517916102,0.027369381484678764,0.008984603046560423
secondary school,3,late,children under 5,0.18455612683001435,0.024608493976343578,0.007712684534475917
secondary school,4,late,everyone,0.2005677211384859,0.029375805386216532,0.01046609804943021
secondary school,4,late,women 15-49,0.1989123285454589,0.030159731455874906,0.010988132645951824
secondary school,4,late,children under 5,0.2014260204642812,0.027372782485162464,0.009354161299825638
secondary school,5,late,everyone,0.19434755652672675,0.02867063904201242,0.010139275516946057
secondary school,5,late,women 15-49,0.19288882620351988,0.02947583528049738,0.010653842187447901
secondary school,5,late,children under 5,0.19509673373068165,0.026683859130363082,0.009034630998660165
secondary school,6,late,everyone,0.1852251981988312,0.02741293887918188,0.00938136808244333
secondary school,6,late,women 15-49,0.18404370970760894,0.02824108094974432,0.009879142136799147
secondary school,6,late,children under 5,0.18573303979039726,0.02543494402729337,0.008338146102169817
secondary school,7,late,everyone,0.18480716971752384,0.02772307559426833,0.00964841036000616
secondary school,7,late,women 15-49,0.18377272493092542,0.028570338974031925,0.01017121340284196
secondary school,7,late,children under 5,0.18511077083194055,0.025705108602363084,0.008545217967245191
secondary school,8,late,everyone,0.1921041596130522,0.028852018219976832,0.01014934726821612
secondary school,8,late,women 15-49,0.19088326469305622,0.029688517490500135,0.01067518737325218
secondary school,8,late,children under 5,0.19267579274482088,0.026857820464066068,0.009034808853896209
secondary school,9,late,everyone,0.1896286722321507,0.02773504557198867,0.009249983656648109
secondary school,9,late,women 15-49,0.18820514128447444,0.028531408846736838,0.009709849120049322
secondary school,9,late,children under 5,0.19044416124434163,0.02576453297213731,0.00830973584069277
secondary school,10,late,everyone,0.19598347366429864,0.028855652458111457,0.01016499917697826
secondary school,10,late,women 15-49,0.19455528708230468,0.029662078011475274,0.010668559670036735
secondary school,10,late,children under 5,0.19673064222121933,0.026870475047088904,0.00910182122239806
secondary school,11,late,everyone,0.18850558853683916,0.027243331378189992,0.008566730673355802
secondary school,11,late,women 15-49,0.1869838387208828,0.028018063076623256,0.008942751734230247
secondary school,11,late,children under 5,0.18936494408244495,0.025305290597133306,0.007844592596410127
secondary school,12,late,everyone,0.17820991149254597,0.02548038024210455,0.007460380435465267
secondary school,12,late,women 15-49,0.17689749423561543,0.02626633368124185,0.007804468071851428
secondary school,12,late,children under 5,0.17874731642442943,0.023535766596678307,0.006838753958227779
market,dry day,,everyone,0.5472534234814254,0.1700086066229285,0.02648529361163816
market,dry day,,women 15-49,0.5341053455411084,0.16701064187144293,0.02717450185744663
market,dry day,,children under 5,0.5658256644578228,0.1769513866507492,0.02559639796113785
market,wet day,,everyone,0.8817856982172322,0.3246730699815377,0.1127634515368263
market,wet day,,women 15-49,0.8604414105605191,0.3149725802014296,0.11126706850570091
market,wet day,,children under 5,0.9114361897767836,0.34114828174841816,0.11594911698832107
market,1,early,everyone,0.554857183599378,0.17413461619671725,0.027505393975156278
market,1,early,women 15-49,0.5414362546227243,0.17093378377884438,0.028196066872614146
market,1,early,children under 5,0.5736456648906059,0.1813014216054085,0.026623151462328645
market,2,early,everyone,0.5586220488801534,0.1763690494308478,0.028214239103583557
market,2,early,women 15-49,0.5450699517018955,0.17303002334670087,0.028912744954518666
market,2,early,children under 5,0.5776524406965258,0.1837892672599175,0.027317240991597675
market,3,early,everyone,0.5853953582615842,0.1913792403279357,0.03317704837776564
market,3,early,women 15-49,0.5709683739999821,0.18728749872890502,0.033907698105971745
market,3,early,children under 5,0.6055900847901537,0.19992739899488696,0.03229567540087375
market,4,early,everyone,0.6261266539903377,0.21436605609122625,0.04298177762015637
market,4,early,women 15-49,0.6104947980368661,0.2092132393414888,0.043659456112828864
market,4,early,children under 5,0.6481838260140383,0.2246308364020536,0.042268715357404646
market,5,early,everyone,0.6125933377763968,0.20458650019337737,0.0408565718027526
market,5,early,women 15-49,0.5976247818644927,0.19991841728371845,0.04166397773801015
market,5,early,children under 5,0.6336700909552002,0.2141265702929593,0.03985574677041385
market,6,early,everyone,0.5856565014577629,0.1884329791462373,0.0367977132568798
market,6,early,women 15-49,0.5719483262058975,0.18467840680722522,0.03772605394824549
market,6,early,children under 5,0.6052855157780058,0.19679424048165664,0.03559288003266885
market,7,early,everyone,0.5888556980358997,0.18926186031020692,0.037729255623446714
market,7,early,women 15-49,0.5752769212323819,0.18554075688905974,0.03869514881815121
market,7,early,children under 5,0.6084199081372302,0.19764316952897837,0.03648954987386386
market,8,early,everyone,0.6032101261617938,0.1987666560201543,0.040122111323607886
market,8,early,women 15-49,0.5889586864814823,0.19451501978603528,0.04099217142372284
market,8,early,children under 5,0.6238419090065709,0.2079979846648316,0.039104638860237524
market,9,early,everyone,0.5973448534239064,0.19742958290895962,0.03772635817585276
market,9,early,women 15-49,0.5829101854796128,0.19317653780547706,0.03848898853329907
market,9,early,children under 5,0.618025203461694,0.2065048556695742,0.03688370654260749
market,10,early,everyone,0.608851862995937,0.2039756581096884,0.04007053979234253
market,10,early,women 15-49,0.5938876540243041,0.19940014328559744,0.04075848223423801
market,10,early,children under 5,0.6299869056397304,0.2133990108763359,0.039312420881029014
market,11,early,everyone,0.5996079246094467,0.2006539736579925,0.03629728674125652
market,11,early,women 15-49,0.5846302046412353,0.19613859896550098,0.03695134312574722
market,11,early,children under 5,0.620475639388533,0.2097826835309784,0.035596244308738444
market,12,early,everyone,0.568368751207975,0.18234706568798073,0.029459707585627458
market,12,early,women 15-49,0.5545249016770267,0.17877447531732807,0.030151711483660127
market,12,early,children under 5,0.587528928957233,0.18995670437811224,0.02860350708270548
market,1,late,everyone,0.5563069129457394,0.17482525088644885,0.027749601021437826
market,1,late,women 15-49,0.5428434160185835,0.1715897092060342,0.02844953322472612
market,1,late,children under 5,0.5752296636841482,0.1820955850022283,0.026861346608987147
market,2,late,everyone,0.5615912360778169,0.17767061017304142,0.028715366378922826
market,2,late,women 15-49,0.5479494557591791,0.17426209719867744,0.02941747843892184
market,2,late,children under 5,0.5808053368417108,0.18523253977117934,0.027836418578168588
market,3,late,everyone,0.5886005522786684,0.19314906291402778,0.03410623841050075
market,3,late,women 15-49,0.5741729751690111,0.1889881480543627,0.0349075545829009
market,3,late,children under 5,0.6086853415409945,0.20177301293006913,0.033071675144508386
market,4,late,everyone,0.6269469061241966,0.2140211953430031,0.04263016141279726
market,4,late,women 15-49,0.6113591746059749,0.20884676727689747,0.043386744567840654
market,4,late,children under 5,0.6487520283142877,0.2242868874647559,0.041735137567026244
market,5,late,everyone,0.6111204330725138,0.2032418373442008,0.0402666155166906
market,5,late,women 15-49,0.5961947448540598,0.1986248580899395,0.041112323493079125
market,5,late,children under 5,0.6322633539727865,0.21282936812316067,0.03921334411573195
market,6,late,everyone,0.588718796739616,0.19065743323083012,0.03694612986741395
market,6,late,women 15-49,0.5747674426014164,0.18673991647103497,0.037853209008917865
market,6,late,children under 5,0.6087150421468652,0.1992521534531036,0.03578562599586858
market,7,late,everyone,0.586669278468033,0.18758970515421766,0.03717704335286092
market,7,late,women 15-49,0.5730642649540425,0.1838733643037725,0.03814465766568792
market,7,late,children under 5,0.6061935501509713,0.1959423567890883,0.035899251386237965
market,8,late,everyone,0.6045327397254966,0.1988784193713468,0.04026412002397574
market,8,late,women 15-49,0.590257703032486,0.1946048677493504,0.041154724987814945
market,8,late,children under 5,0.6250635081807964,0.20811474293823545,0.039180049096196316
market,9,late,everyone,0.6015582019528836,0.19895864238692568,0.03830821411282189
market,9,late,women 15-49,0.5868425612546718,0.19453937821748685,0.03904683294964543
market,9,late,children under 5,0.6225351445367133,0.20827711178580263,0.037444515195897865
market,10,late,everyone,0.6148633765532208,0.20635414413847214,0.041353201904416874
market,10,late,women 15-49,0.5999734381463995,0.20169524786671753,0.04216386301154736
market,10,late,children under 5,0.6360450545920608,0.21603949742979225,0.04038980365785602
market,11,late,everyone,0.5993313851282318,0.19900591575264598,0.03588732942244545
market,11,late,women 15-49,0.5844976570044464,0.19459141558102958,0.03663290117726182
market,11,late,children under 5,0.6201878138829401,0.20809862621628308,0.03507734001574228
market,12,late,everyone,0.5756153112306773,0.18601599928535928,0.030902639416528575
market,12,late,women 15-49,0.5615832172023891,0.18226142398564443,0.03162269715724809
market,12,late,children under 5,0.5951716013131031,0.193988664458679,0.030022195760051943
town,dry day,,everyone,0.3777136717129901,0.06199156503059844,0.011005863932677383
town,dry day,,women 15-49,0.3709529816532593,0.06181321600173827,0.0114074623646209
town,dry day,,children under 5,0.3875514190619681,0.06306406470032455,0.010459178674805513
town,wet day,,everyone,0.6439867711568205,0.21009832616623814,0.047045806861363774
town,wet day,,women 15-49,0.6316418817904256,0.2050731721078925,0.047199408868023485
town,wet day,,children under 5,0.6618356476551491,0.2190772191782485,0.046977716441274055
town,1,early,everyone,0.38373662379258133,0.06416683281094859,0.011646854537754922
town,1,early,women 15-49,0.37680490770197445,0.06389582646184556,0.01206331242399381
town,1,early,children under 5,0.393691958766196,0.0653317780941827,0.011088841981178066
town,2,early,everyone,0.38629113173389085,0.06557595032202186,0.011771127401467834
town,2,early,women 15-49,0.37927063847507364,0.06525263211620985,0.012188020809426783
town,2,early,children under 5,0.3964170315301498,0.06685660597166193,0.011206622970906313
town,3,early,everyone,0.4071883358267894,0.07642643702297176,0.013480074472588102
town,3,early,women 15-49,0.3995926078781052,0.07569272133453306,0.01393781048910552
town,3,early,children under 5,0.4180906495597481,0.07835660980855019,0.012869827552373819
town,4,early,everyone,0.43871088894188087,0.09593475036128224,0.01617288016730067
town,4,early,women 15-49,0.4302879427530629,0.09448982522288633,0.016687091666719427
town,4,early,children under 5,0.45092209535039707,0.09908069101433858,0.01549712578945871
town,5,early,everyone,0.4275926129280729,0.08875532278800168,0.0155905335023285
town,5,early,women 15-49,0.4196271734620094,0.08766853049789076,0.01611533568631502
town,5,early,children under 5,0.43918417274118265,0.09139652908728528,0.01487640936782688
town,6,early,everyone,0.4070033422773761,0.0772015755190678,0.013985101170921865
town,6,early,women 15-49,0.39989313672416005,0.07670926376905061,0.014475601637514306
town,6,early,children under 5,0.4177249123221088,0.07908579005339895,0.013320369812331732
town,7,early,everyone,0.40909243466995115,0.07956682028646267,0.014483668637602658
town,7,early,women 15-49,0.40208167164131126,0.07905253953867726,0.015001296985648057
town,7,early,children under 5,0.41976939250538386,0.08155511639896312,0.013779260645100098
town,8,early,everyone,0.42030675881030344,0.08644427539608344,0.014950228721466721
town,8,early,women 15-49,0.4128449477937173,0.08561250532957249,0.015465117085979436
town,8,early,children under 5,0.4316954158057374,0.08898250394045684,0.014260732542785603
town,9,early,everyone,0.41689636773016525,0.0841218241897272,0.014284465468690334
town,9,early,women 15-49,0.40934406186713784,0.0832726961532525,0.014767662435642658
town,9,early,children under 5,0.42823197113489286,0.08657900310211032,0.013659487000612435
town,10,early,everyone,0.42572750910979784,0.08953962986018642,0.014903189838473779
town,10,early,women 15-49,0.41781690552957246,0.08842730234350794,0.01538651604670554
town,10,early,children under 5,0.43731286274344694,0.0922622689181962,0.014271181996750919
town,11,early,everyone,0.4179737052002354,0.08411869699829855,0.014097222436989248
town,11,early,women 15-49,0.4100356319066626,0.08309801478990783,0.014546123560162341
town,11,early,children under 5,0.42926648609715834,0.08645660366445747,0.013504432580551168
town,12,early,everyone,0.3943812590229069,0.07016198329928347,0.012313287901000385
town,12,early,women 15-49,0.3871778788343304,0.06969946731696881,0.012739649632957144
town,12,early,children under 5,0.4045350206047207,0.07161161219379997,0.011737074507294899
town,1,late,everyone,0.3848202532598343,0.06454445877140114,0.011802080329520986
town,1,late,women 15-49,0.37785589676260933,0.06426528648321801,0.012225406156570041
town,1,late,children under 5,0.39487618132121227,0.06574588724923788,0.011241312299395696
town,2,late,everyone,0.38857953593015976,0.0665708032687475,0.01197215041756044
town,2,late,women 15-49,0.3814930882621276,0.06620605342390246,0.012392504889498989
town,2,late,children under 5,0.3988361638569312,0.06793934528107488,0.011407167306606182
town,3,late,everyone,0.40935554948602404,0.07729392981465845,0.013824783782561453
town,3,late,women 15-49,0.40176326737022067,0.07656198265492153,0.014302903726351731
town,3,late,children under 5,0.42017615502730377,0.07919088296199511,0.013181101514223761
town,4,late,everyone,0.43903361864662765,0.09441097048807343,0.01654761689565441
town,4,late,women 15-49,0.43063351788837606,0.09301787495338779,0.01709695033826577
town,4,late,children under 5,0.45107452259965736,0.09743090808373982,0.01581757046746251
town,5,late,everyone,0.42649197738513217,0.08678291142923104,0.015799940083563356
town,5,late,women 15-49,0.418528741512652,0.08573817146917229,0.016335586528700763
town,5,late,children under 5,0.4381851373240152,0.08937453492820212,0.015074493558110887
town,6,late,everyone,0.4092370915977382,0.07847824873368241,0.014182445763859332
town,6,late,women 15-49,0.4019354817712675,0.07786421594480704,0.014674371281478242
town,6,late,children under 5,0.42020737345020287,0.08052509334662018,0.013514932315686555
town,7,late,everyone,0.40724735398982737,0.07720988402597466,0.014448364345701528
town,7,late,women 15-49,0.4002136548295085,0.0767230099683503,0.01496949496218545
town,7,late,children under 5,0.4178993427107139,0.07907601229396134,0.013730900324207743
town,8,late,everyone,0.421355755117809,0.08609694971437552,0.015350016039007838
town,8,late,women 15-49,0.41388393600637136,0.08527181393086684,0.015882114017336024
town,8,late,children under 5,0.4326607903786418,0.08855289528532395,0.014635329163677954
town,9,late,everyone,0.4195783530442834,0.08502072206820957,0.014747176173652104
town,9,late,women 15-49,0.41181831762001175,0.08402515034180037,0.015251769283844585
town,9,late,children under 5,0.43111422223051865,0.08761025086889238,0.014079902682060375
town,10,late,everyone,0.4300869553225695,0.09069210580256523,0.0158101115805462
town,10,late,women 15-49,0.4222438019951007,0.08961758073776108,0.016340798573412283
town,10,late,children under 5,0.4417173053137682,0.09343130260880715,0.015112237217490786
town,11,late,everyone,0.4185743968923025,0.08266931843807769,0.014564246292225401
town,11,late,women 15-49,0.41073039485495677,0.08174939087782929,0.0150379253770928
town,11,late,children under 5,0.42992322997831073,0.08495612272880906,0.013957837935169075
town,12,late,everyone,0.39969562731077296,0.07255987159252719,0.012796039544863655
town,12,late,women 15-49,0.3923562708013571,0.07199564218691919,0.0132399535525795
town,12,late,children under 5,0.41013324044374155,0.07418169657017179,0.012204212358662772
