rank,lon,lat,screen_score,person_hours_per_wet_day,people_within_1h,women_within_2h,wet_days_per_year,person_hours_per_year,subcounty,district,nearest_road_class
1,34.769583197536086,1.395416869310718,19200.256306267802,22285.61512527329,6995.568279266357,1512.7565724309995,53.14709281925016,1184415.6555969848,Riwo,Bukwo,secondary
2,34.78624986413609,1.3704168694107182,16568.573561963978,8086.393164221472,1512.0692729949951,626.3083313324586,53.14709281925016,429768.2880718286,Karita,Amudat,secondary
3,29.902916550336087,0.2954168737107179,7821.969541766928,2688.3834303301805,0.0,0.0,62.74428941859358,168680.70802078827,Kilembe,Kasese,path
4,34.219583199736086,2.9370835298107183,11169.739548736135,4873.322777735873,1873.18843460083,386.5242663030692,33.88806808449899,165147.49408965302,Panyangara,Kotido,secondary
5,31.152916545336087,2.395416865310718,7116.757267938452,2808.5156302191626,186.38331604003906,0.0,31.73931207774289,89140.35406274475,Atego,Nebbi,unclassified
6,29.877916550436087,0.3370835402107182,7462.4864755356375,778.4712309738488,0.0,0.0,62.74428941859358,48844.62422027198,Kyarumba,Kasese,path
7,34.219583199736086,2.8870835300107185,10035.733084757234,1026.6824439014604,0.0,115.9911460550928,33.88806808449899,34792.28456009251,Panyangara,Kotido,secondary
8,29.911249883636085,0.34541687351071815,7681.656271092923,418.8645423723923,0.0,0.0,62.74428941859358,26281.358073800136,Bugoye,Kasese,path
9,34.15291653333608,3.020416862810718,8858.194644847916,629.8183346674089,77.0787582397461,0.0,31.971684389570843,20136.353018751503,Nakapelimoru,Kotido,tertiary
10,34.70291653113608,1.3704168694107182,15022.14144863219,260.5844904453301,286.0736083984375,0.0,66.73564519102673,17390.274096644047,Kamet,Bukwo,unclassified
11,30.019583216536084,0.4704168730107181,8139.736985149453,386.489812396828,0.0,0.0,40.066889273479866,15485.444518631712,Kabonero,Bunyangabu,path
12,29.977916550036085,0.21208354071071778,8302.975290444807,219.12532584496347,0.0,0.0,40.0485700054715,8775.655952073772,Kilembe,Kasese,path
13,29.919583216936086,0.27875020711071796,7863.762461388377,132.398804710295,0.0,0.0,62.74428941859358,8307.268921418601,Kilembe,Kasese,footway
14,31.152916545336087,2.4204168652107185,7088.616637708531,225.33926931282443,256.39453125,0.0,31.73931207774289,7152.113392090287,Atego,Nebbi,track
15,34.119583200136084,3.0370835294107184,7715.788326176776,204.44912222205514,242.05706787109375,0.0,31.971684389570843,6536.582809408342,North Division,Kotido,path
16,34.13624986673609,3.0287501961107184,8340.654133638875,202.3514684140592,239.5735321044922,0.0,31.971684389570843,6469.5172839005145,North Division,Kotido,path
17,31.119583212136085,2.428750198510718,7156.044185991908,171.6885708058816,179.6523895263672,0.0,31.73931207774289,5449.277128989534,Atego,Nebbi,unclassified
18,30.002916549936085,0.3620835401107181,8478.596806139503,122.4799694324359,0.0,32.158929497361356,40.066889273479866,4907.3913734686075,Bugoye,Kasese,footway
19,31.027916545836085,2.462083531710718,7180.638020340727,142.71398639106934,162.3876495361328,0.0,31.73931207774289,4529.643751924902,Paidha,Zombo,path
20,31.061249879036087,2.387083532010718,7212.539658447604,70.78496756333428,0.0,0.0,31.73931207774289,2246.6661759055746,Erussi,Nebbi,track
21,34.68624986453609,1.4537502024107183,21903.131870647896,23.90656341568689,0.0,0.0,66.73564519102673,1595.4199338460605,Ngenge,Kween,path
22,30.036249883136087,0.21208354071071778,8073.216352600925,62.239755916324775,0.0,0.0,21.985829675754115,1368.3926726368259,Kilembe,Kasese,path
23,30.094583216236085,0.39541687331071795,7022.641876340868,28.78417786060829,0.0,0.0,40.066889273479866,1153.2924671691428,Buhuhira,Kasese,track
24,29.961249883436086,0.13708354101071762,7028.982184902513,21.506021270789066,0.0,0.0,40.0485700054715,861.285398402355,Kyarumba,Kasese,tertiary
25,31.061249879036087,2.4870835316107183,7027.993180510493,22.581328453332567,0.0,0.0,31.73931207774289,716.7158309103376,Paidha,Zombo,track
26,34.119583200136084,2.987083529610718,9241.17415729793,18.347776397673996,0.0,0.0,33.88806808449899,621.77069576354,Central Division,Kotido,unclassified
27,34.68624986453609,1.4954168689107181,24348.780370333265,5.9719178083543785,0.0,0.0,66.73564519102673,398.53978796831177,Kiriki,Kween,track
28,31.077916545636086,2.337083532210718,7103.762841558999,11.87657983784824,0.0,0.0,31.73931207774289,376.9544738896944,Erussi,Nebbi,path
29,34.73624986433609,1.428750202510718,22102.364746898093,2.48270305914374,0.0,0.0,66.73564519102673,165.6847904696933,Tulel,Bukwo,track
30,30.102916549536086,0.34541687351071815,7256.9751823231,0.0,0.0,0.0,40.066889273479866,0.0,Maliba,Kasese,unclassified
31,31.102916545536086,2.4204168652107185,7207.497889304761,0.0,0.0,0.0,31.73931207774289,0.0,Ndhew,Nebbi,tertiary
32,31.111249878836084,2.353750198810718,7188.107412328524,0.0,0.0,0.0,31.73931207774289,0.0,Ndhew,Nebbi,track
33,31.061249879036087,2.3620835321107183,7257.143929298525,0.0,0.0,0.0,31.73931207774289,0.0,Erussi,Nebbi,path
34,31.086249878936087,2.403750198610718,7236.418815307723,0.0,0.0,0.0,31.73931207774289,0.0,Ndhew,Nebbi,track
35,31.086249878936087,2.353750198810718,7209.1607406614285,0.0,0.0,0.0,31.73931207774289,0.0,Ndhew,Nebbi,track
36,31.111249878836084,2.3787501987107182,7245.181555889818,0.0,0.0,0.0,31.73931207774289,0.0,Ndhew,Nebbi,path
37,34.72791653103609,1.4704168690107182,24973.271250750462,0.0,0.0,0.0,66.73564519102673,0.0,Karita,Amudat,unclassified
38,31.036249879136086,2.4787501983107183,7175.190156026252,0.0,0.0,0.0,31.73931207774289,0.0,Paidha,Zombo,path
39,31.136249878736084,2.3787501987107182,7158.210099382061,0.0,0.0,0.0,31.73931207774289,0.0,Ndhew,Nebbi,path
40,31.019583212536087,2.428750198510718,6948.597041247889,0.0,0.0,0.0,31.73931207774289,0.0,Paidha,Zombo,track
41,31.186249878536085,2.4370835318107185,6951.331915701596,0.0,0.0,0.0,31.73931207774289,0.0,Nyaravur,Nebbi,track
42,31.161249878636085,2.4370835318107185,6955.9872305134995,0.0,0.0,0.0,31.73931207774289,0.0,Nyaravur,Nebbi,residential
43,31.169583211936086,2.387083532010718,6963.632614503782,0.0,0.0,0.0,31.73931207774289,0.0,Nyaravur,Nebbi,track
44,31.177916545236087,2.4204168652107185,6966.458473458783,0.0,0.0,0.0,31.73931207774289,0.0,Nyaravur,Nebbi,path
45,29.944583216836087,0.1287502077107181,6985.141700020073,0.0,0.0,0.0,40.0485700054715,0.0,Kyarumba,Kasese,unclassified
46,31.094583212236085,2.320416865610718,7029.210494839828,0.0,0.0,0.0,31.73931207774289,0.0,Erussi,Nebbi,path
47,31.027916545836085,2.412083531910718,7088.786003180181,0.0,0.0,0.0,31.73931207774289,0.0,Paidha,Zombo,track
48,31.136249878736084,2.403750198610718,7152.265637716818,0.0,0.0,0.0,31.73931207774289,0.0,Atego,Nebbi,secondary
49,31.094583212236085,2.3704168654107183,7263.984524215044,0.0,0.0,0.0,31.73931207774289,0.0,Ndhew,Nebbi,track
50,29.927916550236084,0.16208354091071797,8207.259707092426,0.0,0.0,0.0,40.0485700054715,0.0,Kyarumba,Kasese,path
51,30.011249883236086,0.18708354081071832,8263.186978669251,0.0,0.0,0.0,21.985829675754115,0.0,Kilembe,Kasese,tertiary
52,29.994583216636087,0.20375020741071825,8281.359611632623,0.0,0.0,0.0,40.0485700054715,0.0,Kilembe,Kasese,track
53,30.069583216336085,0.262083540510718,8499.758903140157,0.0,0.0,0.0,40.066889273479866,0.0,Bugoye,Kasese,track
54,34.56958319833608,1.3370835362107183,8640.316990980029,0.0,0.0,0.0,66.73564519102673,0.0,Kwosir,Kween,path
55,30.086249882936087,0.3370835402107182,8756.27316989417,0.0,0.0,0.0,40.066889273479866,0.0,Maliba,Kasese,path
56,30.069583216336085,0.2954168737107179,8958.486609694759,0.0,0.0,0.0,40.066889273479866,0.0,Bugoye,Kasese,path
57,30.027916549836085,0.3537502068107181,9068.474785788538,0.0,0.0,0.0,40.066889273479866,0.0,Bugoye,Kasese,unclassified
58,30.052916549736086,0.3620835401107181,9129.736109819221,0.0,0.0,0.0,40.066889273479866,0.0,Maliba,Kasese,track
59,30.069583216336085,0.3287502069107182,9200.53453866666,0.0,0.0,0.0,40.066889273479866,0.0,Bugoye,Kasese,residential
60,34.63624986473609,1.545416868710718,22632.376749780116,0.0,0.0,0.0,50.43167044319156,0.0,Karita,Amudat,track
61,34.719583197736085,1.4454168691107183,22940.785574229514,0.0,0.0,0.0,66.73564519102673,0.0,Karita,Amudat,secondary
62,34.65291653133609,1.537083535410718,24093.370564547142,0.0,0.0,0.0,50.43167044319156,0.0,Karita,Amudat,path
63,30.002916549936085,0.2204168740107182,8169.078628448695,0.0,0.0,0.0,21.985829675754115,0.0,Bulembia Division,Kasese,track
64,30.036249883136087,0.18708354081071832,7338.097593974919,0.0,0.0,0.0,21.985829675754115,0.0,Bulembia Division,Kasese,primary
65,34.54458319843609,1.3620835361107182,7573.307339159171,0.0,0.0,0.0,66.73564519102673,0.0,Kitawoi,Kween,path
66,29.886249883736085,0.3120835403107183,7630.011107171949,0.0,0.0,0.0,62.74428941859358,0.0,Kyarumba,Kasese,path
67,29.952916550136084,0.2454168739107181,7764.084694619045,0.0,0.0,0.0,40.0485700054715,0.0,Kilembe,Kasese,footway
68,29.969583216736087,0.15375020761071845,7814.117458700322,0.0,0.0,0.0,40.0485700054715,0.0,Kyarumba,Kasese,path
69,34.10291653353609,3.020416862810718,7823.694820375398,0.0,0.0,0.0,31.971684389570843,0.0,North Division,Kotido,track
70,30.086249882936087,0.270416873810718,7928.891735507435,0.0,0.0,0.0,40.066889273479866,0.0,Bugoye,Kasese,track
71,29.944583216836087,0.270416873810718,8042.243981458818,0.0,0.0,0.0,62.74428941859358,0.0,Kilembe,Kasese,path
72,29.952916550136084,0.1787502075107179,8067.441179708199,0.0,0.0,0.0,40.0485700054715,0.0,Kyarumba,Kasese,track
