access,outcome,n,spearman,p,partial_given_wealth,p_partial
emoc_women_2h_motorised_dry,RH_DELP_C_DHF,15,-0.042895459487824666,0.8793532695538793,0.06393962993117899,0.8209027634148335
emoc_women_2h_motorised_dry,RH_DELA_C_SKP,15,0.06071428571428571,0.8298120954425188,0.15022404486228036,0.5930724224821267
emoc_women_2h_motorised_dry,CH_VACC_C_BAS,15,-0.06071428571428571,0.8298120954425188,-0.4219288673716041,0.11721840852520968
emoc_women_2h_motorised_dry,RH_PAHC_W_DIS,15,0.4307419056902393,0.10896656304601625,0.27511024984154875,0.32100932145197986
hospital_1h_motorised_dry,RH_DELP_C_DHF,15,-0.07149243247970777,0.8001207708257903,0.2426912353835821,0.383463562697401
hospital_1h_motorised_dry,RH_DELA_C_SKP,15,-0.028571428571428564,0.9194899083821857,0.22367632330081086,0.42291662525842777
hospital_1h_motorised_dry,CH_VACC_C_BAS,15,0.3178571428571428,0.24829056581701822,-0.408676474276096,0.13042199158650072
hospital_1h_motorised_dry,RH_PAHC_W_DIS,15,0.8078644870206979,0.0002691187030635876,0.5465129159961383,0.03503282773853119
emoc_women_2h_walking_dry,RH_DELP_C_DHF,15,-0.07149243247970777,0.8001207708257903,0.28290967755772545,0.30691496561465637
emoc_women_2h_walking_dry,RH_DELA_C_SKP,15,-0.04642857142857142,0.8694915255450946,0.22656370163730535,0.4167953371734035
emoc_women_2h_walking_dry,CH_VACC_C_BAS,15,0.4071428571428571,0.13201266377985377,-0.3001604580886025,0.2770472976017906
emoc_women_2h_walking_dry,RH_PAHC_W_DIS,15,0.8096517978326906,0.0002544261720439789,0.5208724491798452,0.046493884893341685
emoc_women_2h_motorised_april,RH_DELP_C_DHF,15,-0.12332444602749591,0.6614769268784191,-0.03007708349757718,0.9152609032260506
emoc_women_2h_motorised_april,RH_DELA_C_SKP,15,-0.0035714285714285704,0.9899214068809781,0.07607453111482596,0.7875723416805999
emoc_women_2h_motorised_april,CH_VACC_C_BAS,15,-0.075,0.7905107941552679,-0.4263390745894229,0.1130369347594886
emoc_women_2h_motorised_april,RH_PAHC_W_DIS,15,0.3896337570144074,0.15111448706359015,0.2246288990704172,0.42089205527368384
hospital_1h_motorised_april,RH_DELP_C_DHF,15,-0.0661305000437297,0.814862448620158,0.21537342682188992,0.44077382619667116
hospital_1h_motorised_april,RH_DELA_C_SKP,15,-0.039285714285714285,0.8894459296739485,0.17837905470508247,0.5247387098285271
hospital_1h_motorised_april,CH_VACC_C_BAS,15,0.24285714285714283,0.38312834183934175,-0.47065273228616034,0.07662136162081046
hospital_1h_motorised_april,RH_PAHC_W_DIS,15,0.813226419456676,0.00022700825872263227,0.5918238686719854,0.020117203611818
emoc_women_2h_walking_april,RH_DELP_C_DHF,15,-0.12153713521550322,0.6661187954929535,0.20928549255008905,0.45410420679811625
emoc_women_2h_walking_april,RH_DELA_C_SKP,15,-0.0964285714285714,0.7324528633867308,0.1508870504572467,0.5914230475656399
emoc_women_2h_walking_april,CH_VACC_C_BAS,15,0.38928571428571423,0.15151193679039388,-0.37485177078972765,0.1686145780772262
emoc_women_2h_walking_april,RH_PAHC_W_DIS,15,0.8328868383885956,0.00011586037017535427,0.5717628621673632,0.025956099884228614
