region_id,region,CH_VACC_C_BAS,RH_DELA_C_SKP,RH_DELP_C_DHF,RH_PAHC_W_DIS,emoc_women_2h_motorised_dry,hospital_1h_motorised_dry,emoc_women_2h_walking_dry,emoc_women_2h_motorised_april,hospital_1h_motorised_april,emoc_women_2h_walking_april,mean_rwi
UGDHS2016452003,North Buganda,46.7,79.0,77.6,31.9,0.013911742756815344,0.13743452235711537,0.4591288999309391,0.01641397343289293,0.19024254976125396,0.4877807564655016,0.05750005093207753
UGDHS2016452030,Acholi,65.1,80.0,84.5,64.2,0.006005241061024495,0.3293786194407505,0.6842196285410006,0.010053968371848973,0.38284479354546946,0.6956262538075819,-0.09804357090502921
UGDHS2016452012,Karamoja,73.0,81.3,80.1,35.4,0.10067979606727591,0.6119565952948522,0.7062658168076129,0.14640860358667668,0.6521738697822728,0.7286972496381378,-0.2921601180110514
UGDHS2016452002,South Buganda,50.0,83.6,83.4,26.4,0.00374073663503856,0.06593526156805708,0.2630776619631736,0.004760318772215969,0.10100207143349443,0.2863009608086619,0.4954657952022719
UGDHS2016452031,Bunyoro,66.9,60.8,59.9,48.2,0.011221441077334795,0.2570399110399054,0.6861572822789581,0.015413325335956006,0.33775534221406883,0.7064508578901929,-0.17699569097535567
UGDHS2016452025,Busoga,44.9,74.9,77.5,39.7,0.00813147377757067,0.10868978474975545,0.42322282088137503,0.009191196353388045,0.20352301932106884,0.47203846875159555,0.01143361207965915
UGDHS2016452033,Ankole,61.8,74.7,74.9,37.7,0.00036320917440089636,0.11181215375029702,0.36710259254484606,0.0009010257755523892,0.16419043202037745,0.3975420665044673,-0.04621049141926823
UGDHS2016452009,West Nile,63.1,79.5,80.9,31.9,0.0003232439984205999,0.06553427923487043,0.44599365520498424,0.0006243522428488838,0.0868237215176614,0.4593604364350464,-0.009402155236979008
UGDHS2016452032,Tooro,51.2,80.8,78.5,41.9,0.017127622186460564,0.1764537799106719,0.5160342244193021,0.027555800139465823,0.23917595463736915,0.5397428828718003,-0.09911380472641869
UGDHS2016452029,Lango,50.4,69.4,68.2,62.9,0.0006692266306743051,0.18420995913627095,0.622601598421411,0.001017284582217079,0.2896474155314847,0.652756480844405,-0.20951011380089932
UGDHS2016452028,Teso,67.7,78.7,76.7,54.8,0.0013711299113237521,0.13862084547524908,0.5486810773640296,0.0035331677539124015,0.19610706575285825,0.5865801703980872,-0.24296115765840728
UGDHS2016452034,Kigezi,72.0,78.8,77.6,26.5,0.00010203169947613137,0.015019966365233983,0.1322260625931581,0.0004970787037518206,0.023545406788756697,0.1672044906004564,-0.02954974154585176
UGDHS2016452026,Bukedi,52.3,71.1,70.5,31.8,5.1520225852925095e-05,0.006078244697945174,0.2507632508345539,0.0008471401788973192,0.02008604042619115,0.3264344169528697,-0.020779785595322828
UGDHS2016452027,Bugisu,47.8,62.3,61.2,30.6,0.005702234104136595,0.03511089820289097,0.1047187415111527,0.011828004313085656,0.045554752832407445,0.13252836089804906,0.07768158094483696
UGDHS2016452004,Kampala,51.1,95.0,92.8,12.9,0.0,0.0,0.0,0.0,0.0,0.0,1.391502797434936
