cell,catchment_population,over_1h_dry,over_1h_april,hospital,extra_over_1h_april,lon,lat
285352,1146294.511499405,330200.2585659027,484860.2673969269,Mubende Regional Referral Hospital,154660.00883102417,31.3599999999999,0.5892
155337,1317820.186770916,314021.9057736397,455058.3515820503,Lira Regional Referral Hospital,141036.44580841064,32.9014,2.2555
257570,745298.4411933422,223358.58674883842,349931.5576941967,Kamuli Hospital,126572.97094535828,33.118,0.946
256641,1023549.2134765387,267839.52005779743,385760.89570844173,Kagadi Hospital,117921.3756506443,30.806,0.951
240063,720837.874760747,49907.22166645527,157602.7510253191,Pallisa Hospital,107695.52935886383,33.7068,1.1667
281357,888995.4048452377,189038.49963855743,280442.19860744476,Kyenjojo Hospital,91403.69896888733,30.623,0.639
349195,313499.7191181183,58739.77664375305,139497.78085517883,Villa Maria Hospital,80758.00421142578,31.73525786321681,-0.2270920630844524
343191,1000328.3607840538,161670.74518990517,241183.29821920395,Ibanda Hospital,79512.55302929878,30.5319,-0.1539
185979,671339.8023914695,112224.63458913565,191299.67361348867,Lwala Hospital,79075.03902435303,33.2776,1.8623
260013,593496.6854662895,108474.33647489548,183760.79513072968,Kiboga Hospital,75286.4586558342,31.776,0.911
293409,630210.8199720383,194095.26882076263,264242.9045724869,Buluba Hospital,70147.63575172424,33.3999999999999,0.4833
218947,974695.361459136,220567.58292233944,276416.0396245718,Hoima Hospital,55848.45670223236,31.335,1.433
299344,389604.0015439987,61231.37409114838,114662.21130657196,Masafu Hospital,53430.837215423584,34.0339,0.4159
286289,713097.3474488258,25798.45942926407,74593.28286981583,Bugiri Hospital,48794.82344055176,33.7428999999999,0.5758
196437,808980.9454780817,158798.46970629692,205942.5039832592,Soroti Regional Referral Hospital,47144.03427696228,33.6238,1.7301
176776,362604.364464581,43885.013223946095,89950.836599648,Apac Hospital,46065.823375701904,32.5332,1.9817
386261,367031.6934480667,55071.78717803955,97035.20949935913,Rakai Hospital,41963.42232131958,31.3939999999999,-0.707
378362,772536.1365257911,179374.7709033303,221153.3312423043,Mbarara Regional Referral Hospital,41778.560338974,30.67,-0.6077
269206,588209.6477240324,188344.8536566496,229908.39224421978,Nakaseke Hospital,41563.53858757019,32.436,0.796
393941,420468.6664676666,16371.718139648438,57520.26096725464,Itojo Hospital,41148.5428276062,30.2929999999999,-0.803
122227,478300.76594018936,294772.6581015587,326224.76899671555,Abim Hospital,31452.11089515686,33.6619999999999,2.676
298451,574762.733091116,19400.07788324356,50722.142698287964,Mityana Hospital,31322.064815044403,32.0227999999999,0.4175
329698,276519.92590141296,40771.66923260689,70552.55551815033,Nkozi Hospital,29780.88628554344,32.014,0.023
94850,333919.22809898853,190264.56311142445,219997.04566395283,Kalongo Ambrosoli Memerial Hospital,29732.48255252838,33.3688,3.0287
158533,492270.62666130066,48531.027017593384,77837.06781768799,Aber Hospital,29306.040800094604,32.411,2.214
114250,574236.2516293526,103518.47653055191,131982.5956940651,Gulu Regional Referral Hospital,28464.119163513184,32.2890999999999,2.7794
59442,749667.3358371258,61961.36083865166,90357.51167321205,Yumbe Hospital,28396.150834560394,31.251,3.482
283653,1017566.0402069092,20390.28192138672,48562.19218444824,Iganga Hospital,28171.910263061523,33.4797,0.6152
258222,395059.58825683594,9760.770767211914,34055.09085083008,Kamuli Mission Hospital,24294.320083618164,33.1305866,0.9360385999999999
181504,450379.3876681328,121400.95181751251,144451.7305150032,Katakwi Hospital,23050.778697490692,33.9622999999999,1.9201
73959,485743.43519067764,163433.55722808838,186333.41488218307,St. Joseph'S Kitgum Hospital,22899.857654094696,32.8808999999999,3.2979
317343,309268.08185231686,15672.436923146248,37547.1960490942,Gombe Hospital,21874.759125947952,32.131,0.179
362797,418807.36477954686,34123.82372432947,53434.232397034764,Lyantonde Hospital,19310.408672705293,31.1572,-0.4031
349753,199538.22971653938,98486.88609266281,117521.69860386848,Rushere Community Hospital,19034.812511205673,30.9610999999999,-0.2367
277074,516273.2032521963,62960.6958783865,80126.60056817532,Kayunga Hospital,17165.90468978882,32.9037,0.699
264828,399727.12271118164,0.0,16898.325744628906,Busolwe Hospital,16898.325744628906,33.9283,0.8527
365927,287169.68370202184,24663.908454030752,41481.25982770324,Comboni Hospital,16817.351373672485,30.1196697,-0.4429118
379008,419804.0678329468,9325.677108764648,25472.396278381348,Ruharo Mission Hospital,16146.7191696167,30.6299999999999,-0.613
230424,183349.7071723938,37130.53061580658,53211.93614578247,Bukwo General Hospital,16081.405529975891,34.7552999999999,1.294
67970,333084.1484672427,65359.827691316605,81132.55886507034,Adjumani Hospital,15772.731173753738,31.792969712359106,3.3740330261725835
144062,354546.6385881901,36875.09721446037,52458.17751574516,Angal Hospital,15583.08030128479,31.172,2.395
281316,163339.23417282104,35346.515727996826,50430.693798065186,Virika Hospital,15084.17807006836,30.2783,0.6332
221924,553632.4842386246,73731.37692260742,87692.68083572388,Kapchorwa Hospital,13961.303913116455,34.4414999999999,1.4054
191144,264851.2298837304,32321.266570448875,45766.22692126036,Amai Community Hospital,13444.960350811481,32.9198999999999,1.7935
373267,389339.7063972354,27357.006203711033,39492.67270582914,Kalisizo Hospital,12135.66650211811,31.609,-0.535
358308,460201.1511147022,32587.700944185257,44388.15879368782,Masaka Hospital,11800.457849502563,31.7258999999999,-0.3445
57183,196548.7077178061,93752.80687233806,103838.58598574996,Kaabong Hospital,10085.779113411903,34.1312,3.5151
199464,335649.88379096985,34383.71389102936,44464.03192424774,Masindi General Hospital,10080.318033218384,31.7266,1.6854
218581,74837.80502974987,3606.338691711426,13644.107085108757,Ngora Freda Carr Hospital,10037.768393397331,33.713,1.443
128533,200670.04436206818,60379.16379213333,70038.49456119537,Anaka Hospital,9659.330769062042,31.9633,2.5944
179018,225891.49658298492,169129.76425933838,178449.5083179474,Amudat Hospital,9319.744058609009,34.9438,1.9534
220567,256310.46391296387,11100.788368225098,20253.777339935303,Atutur Hospital,9152.988971710205,33.99,1.422
252508,768906.3510894775,25847.467407226562,34983.15922546387,Bududa Hospital,9135.691818237305,34.33273974834233,1.0091100988385926
315136,451910.5681990385,117639.48458087444,125904.03023135662,Kilembe Hospital,8264.545650482178,30.01,0.205
312881,158703.86968964338,1304.2161388397217,8791.852964162827,Nkokonjeru Hospital,7487.636825323105,32.9230887,0.2358832
280014,183769.65448713303,10972.203198432922,18261.466247558594,Fort Portal Regional Referral Hospital,7289.263049125671,30.2765999999999,0.6577
114897,263741.63165569305,39066.30879974365,46067.07098579407,St. Mary'S Lacor Hospital,7000.762186050415,32.252,2.7684
165574,162695.72099225223,57977.09681968391,64082.340994641185,Buliisa Hospital,6105.244174957275,31.412605306849578,2.11626973401911
88703,255689.65849399567,50023.10212802887,56098.79123210907,Oriajini Hospital,6075.6891040802,30.9681,3.1001
184532,367631.36507612467,74765.14197689295,80187.21953064203,Kiryandongo Hospital,5422.0775537490845,32.0692,1.8802
140543,188568.52453756332,108927.35097551346,114162.43697500229,Matany Hospital,5235.085999488831,34.393,2.4474
214051,293319.56323468685,4760.330331802368,9726.616179823875,Kumi Hospital,4966.285848021507,33.9348999999999,1.5038
429026,176272.63685703278,4746.733451843262,9621.123947143555,Mutolere Hospital,4874.390495300293,29.719,-1.258
265290,146505.77442789078,22053.1516122818,26733.43133354187,Kiwoko Hospital,4680.279721260071,32.3530999999999,0.8464
280013,418530.82234692574,28840.104576826096,33389.57620406151,Kabarole COU Hospital,4549.471627235413,30.2689999999999,0.651
297393,248962.61074829102,0.0,4346.814010620117,Dabani Hospital,4346.814010620117,34.0516,0.4395
134064,208337.01917219162,110878.876455307,114576.15482521057,Moroto Hospital,3697.2783699035645,34.6561802,2.5315884
100417,205524.17360973358,8446.473574638367,12053.798327445984,Kuluva Hospital,3607.324752807617,30.9338,2.9498
357011,197827.75057515502,7012.83936214447,10412.318150132895,St. Joseph Kitovu Hospital,3399.4787879884243,31.7667,-0.3333
45828,108315.12707829475,8583.435170650482,11840.743367910385,Moyo Hospital,3257.308197259903,31.728,3.6578
276082,304888.3202095032,40036.2202796936,43189.89779090881,Bundibugyo Hospital,3153.67751121521,30.06374949719178,0.7029768557837363
404927,66916.50933074951,1714.0922050476074,4368.071231842041,Bwindi Community Hospital,2653.9790267944336,29.6207999999999,-0.948
328793,159077.2825768292,14158.708852797747,16655.32433465123,Kagando Hospital,2496.615481853485,29.8909999999999,0.025
430975,214784.378033638,0.0,2446.3121032714844,Kisoro Hospital,2446.3121032714844,29.684,-1.277
137542,237986.30378067493,55093.92451584339,57453.28125011921,Nebbi Hospital,2359.356734275818,31.0859999999999,2.48
395831,244662.65565115213,3721.2349892258644,5861.394945204258,Kambuga Hospital,2140.1599559783936,29.7719999999999,-0.832
328126,220512.36463096738,5991.299602299929,7973.555147439241,Bwera Hospital,1982.2555451393127,29.7609999999999,0.036
327148,236459.35194206238,2082.551902770996,3910.89119887352,Entebbe Hospital,1828.3392961025238,32.465,0.052
64615,346533.36016082764,1365.072940826416,3158.673370361328,Koboko Hospital,1793.600429534912,30.9593999999999,3.4094
373741,353980.1033668518,709.0293388366699,2379.7661361694336,Ishaka Adventist Hospital,1670.7367973327637,30.1386,-0.543
393897,340705.6570340991,11983.845632731915,13325.780462443829,Nyakibale Hospital,1341.934829711914,29.9259999999999,-0.804
257029,337591.0433502197,0.0,1143.7240905761719,Kabasa Memorial Hospital,1143.7240905761719,34.032708,0.9553395
427755,161429.64125847816,886.7218589782715,1706.155632019043,Rugarama Hospital,819.4337730407715,29.975,-1.237
300538,164264.4548330307,298.93054962158203,948.7458763122559,St. Francis Nyenga Hospital,649.8153266906738,33.14,0.395
245979,1023942.2487831116,15032.537242889404,15583.610988616943,Mbale Regional Referral Hospital,551.0737457275391,34.1743999999999,1.0925
294643,63781.241497039795,159.15055084228516,651.0137252807617,Bishop Ascili Hospital,491.86317443847656,32.8352,0.4715
420618,206210.54189872742,191.9680938720703,661.2800025939941,Tumu Hospital,469.3119087219238,30.1779,-1.1466
276575,390195.950302124,0.0,428.30548095703125,St. Anthony'S Hospital,428.30548095703125,34.1698999999999,0.7028
321301,213391.87856984138,0.0,233.79925537109375,Kisubi Hospital,233.79925537109375,32.5589999999999,0.1254
306983,877868.1810026169,2.4841878414154053,208.66867971420288,Kibuli Hospital,206.18449187278748,32.5940999999999,0.3103
302468,158309.62843322754,42.085819244384766,247.2594337463379,Lugazi Scoul Hospital,205.17361450195312,32.9425,0.3669
281012,469562.63551330566,0.0,187.40196228027344,Buwenge Hospital,187.40196228027344,33.1704999999999,0.6481
137525,315987.2580604553,0.0,158.51665115356445,Nyapea Hospital,158.51665115356445,30.943,2.475
291381,244413.7714920044,0.0,153.29248046875,Naggalama Hospital,153.29248046875,32.7749999999999,0.516
78281,272047.3214187622,0.0,146.84920501708984,Maracha Hospital,146.84920501708984,30.9213999999999,3.2399
95206,351556.1071472168,0.0,0.0,Arua Hospital,0.0,30.9119999999999,3.0229
303769,15296.55924987793,0.0,0.0,Kawolo Hospital,0.0,32.9333,0.35
303727,797639.3625946045,0.0,0.0,Mulago National Refferal Hospital,0.0,32.5833,0.35
309640,108533.49917054176,0.0,0.0,Buikwe St. Charles Lwanga Hospital,0.0,33.0339,0.2827
303724,215361.8466796875,0.0,0.0,Family Care Hospital,0.0,32.5626,0.3532
408222,160143.51723098755,0.0,0.0,Kisiizi Hospital,0.0,29.9487999999999,-0.9886
428407,283267.2754254341,0.0,0.0,Kabale Regional Referal Hospital,0.0,29.9891,-1.2485
301110,347460.80267333984,0.0,0.0,Mild May Hospital,0.0,32.4759999999999,0.3851
383508,220714.10469055176,0.0,0.0,Kitagata Hospital,0.0,30.1525,-0.6735
237492,308260.0271911621,0.0,0.0,Kanginima Hospital,0.0,33.9769999999999,1.202
304377,70539.1279296875,0.0,0.0,Mulago Old National Referal Hospital,0.0,32.5762,0.3467
305023,1049129.149635315,0.0,0.0,Namungoona Orthodox Hospital,0.0,32.5354,0.3393
297943,168199.09821510315,0.0,0.0,Jinja Regional Referral Hospital,0.0,33.2107999999999,0.4302
305045,311587.9745390415,0.0,0.0,Uganda Matyrs Hospital,0.0,32.7186,0.3375
305682,233414.615234375,0.0,0.0,Naguru - China Uganda Friendship Hospital,0.0,32.6064,0.3292
306328,274110.392578125,0.0,0.0,Mengo Hospital,0.0,32.5608999999999,0.3163
276579,163642.48919677734,0.0,0.0,Tororo Hospital,0.0,34.2000999999999,0.7059
300468,229537.62231445312,0.0,0.0,Ruth Gaylord Hospital,0.0,32.5495,0.3922
306340,163440.94883346558,0.0,0.0,Butabika National Referal Hospital,0.0,32.6574999999999,0.32
306984,106797.27944946289,0.0,0.0,St. Stephens Mpererwe Hospital,0.0,32.6047,0.309
294688,114862.57542419434,0.0,0.0,Almeca Medicare Hospital,0.0,33.2122999999999,0.47
295340,184598.1562922001,0.0,0.0,Al-Shafa Medical Centre Hospital,0.0,33.2175,0.4587
298513,446148.8264846802,0.0,0.0,Saidina Abubakar Islamic Hospital,0.0,32.5371,0.4175
