variant,dry_over_1h,april_over_1h,april_minus_dry_pp,district_rank_corr,top15_overlap
Baseline,0.13137616577840863,0.18113460450838506,4.975843872997643,1.0,15
Earth roads keep 25% when wet,0.13137616577840863,0.20975896116803666,7.838279538962803,0.983740445641467,15
Earth roads keep 60% when wet,0.13137616577840863,0.16168517673265034,3.030901095424171,0.9661142907018792,11
Gravel roads keep 50% when wet,0.13137616577840863,0.19280837994223607,6.143221416382744,0.9671018341874589,11
Gravel roads keep 90% when wet,0.13137616577840863,0.1739216991745973,4.254553339618866,0.9655157794984977,14
Fords 0.2 km/h when wet,0.13137616577840863,0.18120676722980156,4.983060145139293,0.9999451364730235,15
Fords 2 km/h when wet,0.13137616577840863,0.18100805585031,4.9631890071901354,0.9998653349792394,15
Ford blocks its whole 1 km cell,0.13137616577840863,0.18663678042755036,5.526061464914172,0.8776892479956109,11
Untagged secondary/tertiary = earth,0.16321746950835328,0.23276178000702386,6.954431049867058,0.8996346587862691,8
Road speeds ×0.75,0.2104129130677724,0.2673252614724569,5.691234840468448,0.9945685108293122,14
Road speeds ×1.25,0.10450340175792887,0.15035702783825902,4.585362608033015,0.9933814636092719,14
Walking 4 km/h,0.13508245561221788,0.18485887671168835,4.977642109947047,0.9991670719086274,15
Off-road keeps 40% when wet,0.13137616577840863,0.1835309430256696,5.215477724726098,0.991680694272996,13
Wet day = rain ≥5 mm,0.13137616577840863,0.23595503768383477,10.457887190542614,0.9732066484619509,15
Wet day = rain ≥20 mm,0.13137616577840863,0.13925890948947023,0.7882743711061596,0.9156049327298346,10
OSM facilities,0.13433722599091807,0.17947570761618747,4.51384816252694,0.9399144627738502,12
